sku,location_id,part_name,category,city,country_code,climate_zone,avg_daily_sales,revenue_proxy_eur,volatility_score,seasonality_score,weather_sensitivity_score,peak_month,uplift_cold_snap_flag,uplift_heatwave_flag,uplift_weather_spike_flag,uplift_temperature_drop_flag,uplift_temperature_rise_flag,uplift_is_payday_window,uplift_promotion_flag,uplift_service_campaign_flag,business_impact_score
PEU-AC-REFILL,IT_MIL,Kit incarcare clima R134a/R1234yf,ac_cooling,Milan,,South,8.6607,246909.0,1.0085,2.79,4.4302,7,0.5734,4.4302,0.5871,0.5734,0.9021,0.064,-0.0227,-0.7223,94.86
PEU-WINTER-TIRE-205,FI_HEL,Anvelopa iarna 205/55R16,tires,Helsinki,,Nordic,7.3174,417222.0,0.987,2.8914,1.3555,11,0.9247,0.3597,1.3555,0.8807,0.3597,0.0743,0.7186,0.7441,93.8
PEU-AC-REFILL,ES_MAD,Kit incarcare clima R134a/R1234yf,ac_cooling,Madrid,,South,9.052,258063.0,0.9678,2.5814,5.1764,7,0.4234,5.1764,0.3561,0.4234,0.7448,0.0977,-0.0904,-0.7408,93.66
PEU-AC-REFILL,RO_BUC,Kit incarcare clima R134a/R1234yf,ac_cooling,Bucharest,,East,7.5568,215436.0,1.0112,2.9916,3.9404,7,0.6066,3.9404,-0.4109,0.6619,1.0232,0.0914,-0.2597,-0.6972,91.55
PEU-WINTER-TIRE-205,EE_TLL,Anvelopa iarna 205/55R16,tires,Tallinn,,Nordic,6.7551,385164.0,0.9574,2.749,1.3021,11,0.736,0.3475,1.3021,0.8649,0.3475,0.0542,0.7279,0.7217,91.32
PEU-WINTER-TIRE-205,SE_STO,Anvelopa iarna 205/55R16,tires,Stockholm,,Nordic,6.6922,381576.0,0.954,2.6798,1.1546,11,0.627,0.2884,1.1546,0.9245,0.2884,0.0539,0.6563,0.72,89.68
PEU-WINTER-TIRE-205,FR_PAR,Anvelopa iarna 205/55R16,tires,Paris,,West,5.539,315822.0,0.9548,2.6189,1.1633,11,1.1633,-0.012,0.9293,1.1633,0.5066,0.0576,0.9252,0.9591,86.41
PEU-WINTER-TIRE-205,NL_AMS,Anvelopa iarna 205/55R16,tires,Amsterdam,,West,5.3885,307242.0,0.9398,2.5681,1.1754,11,1.1754,0.5177,0.8414,1.1076,0.5177,0.0719,0.9092,0.9224,85.19
PEU-AC-REFILL,FR_PAR,Kit incarcare clima R134a/R1234yf,ac_cooling,Paris,,West,7.2613,207012.0,0.8542,2.3113,2.0929,7,0.2556,2.0929,0.728,0.2556,1.4529,0.0248,-0.1066,-0.6272,84.7
PEU-WF-WINTER-5L,FI_HEL,Lichid parbriz iarna -20C 5L,winter_fluids,Helsinki,,Nordic,24.9863,136987.5,0.7408,1.9504,2.2696,12,1.9985,-0.1385,2.2696,0.4822,-0.1385,0.0669,0.2997,0.1798,84.54
PEU-WINTER-TIRE-205,IT_MIL,Anvelopa iarna 205/55R16,tires,Milan,,South,5.2544,299598.0,0.9433,2.564,1.1565,11,1.1565,-0.5612,0.7721,1.1565,0.5076,0.0578,0.8967,0.9429,84.4
PEU-WF-WINTER-5L,EE_TLL,Lichid parbriz iarna -20C 5L,winter_fluids,Tallinn,,Nordic,22.9453,125797.5,0.7381,1.9785,2.2321,12,1.8779,-0.1303,2.2321,0.4987,-0.1303,0.0538,0.2728,0.168,84.31
PEU-WINTER-TIRE-205,DE_BER,Anvelopa iarna 205/55R16,tires,Berlin,,Central,5.4733,312078.0,0.9222,2.4815,1.098,11,1.098,0.1413,0.3565,1.098,0.5174,0.0874,0.8552,0.8378,84.17
PEU-WINTER-TIRE-205,ES_MAD,Anvelopa iarna 205/55R16,tires,Madrid,,South,5.0821,289770.0,0.9447,2.5863,1.1345,11,1.1345,-0.5225,0.7468,1.1345,0.5,0.0625,0.9108,0.9233,84.0
PEU-WINTER-TIRE-205,DK_CPH,Anvelopa iarna 205/55R16,tires,Copenhagen,,North_Central,5.2845,301314.0,0.9322,2.5575,1.0995,11,1.0995,0.4257,0.4241,1.0995,0.4733,0.08,0.8737,0.8846,83.87
PEU-WF-WINTER-5L,SE_STO,Lichid parbriz iarna -20C 5L,winter_fluids,Stockholm,,Nordic,22.8919,125505.0,0.7283,1.9083,2.0075,12,1.7336,-0.1673,2.0075,0.5315,-0.1673,0.0393,0.2451,0.1402,83.38
PEU-AC-REFILL,FI_HEL,Kit incarcare clima R134a/R1234yf,ac_cooling,Helsinki,,Nordic,7.3858,210561.0,0.8156,2.1467,1.5299,7,-0.6136,1.5299,-0.5548,0.2632,1.5299,0.0527,-0.0977,-0.6261,83.26
PEU-WINTER-TIRE-205,PL_WAW,Anvelopa iarna 205/55R16,tires,Warsaw,,Central,5.4309,309660.0,0.9163,2.4471,1.0051,11,0.7213,-0.0289,0.446,1.0051,0.4317,0.0481,0.7914,0.7696,83.08
PEU-WINTER-TIRE-205,RO_BUC,Anvelopa iarna 205/55R16,tires,Bucharest,,East,5.1259,292266.0,0.9189,2.4649,1.1254,11,1.1254,-0.5426,0.3465,1.0519,0.4605,0.0712,0.8023,0.8145,82.94
PEU-WINTER-TIRE-205,CZ_PRG,Anvelopa iarna 205/55R16,tires,Prague,,Central,5.1902,295932.0,0.9243,2.4538,1.0603,11,1.0603,0.0163,0.4215,1.0603,0.4416,0.0769,0.8166,0.7914,82.71
PEU-AC-REFILL,SE_STO,Kit incarcare clima R134a/R1234yf,ac_cooling,Stockholm,,Nordic,7.0999,202410.0,0.8167,2.1555,1.5468,7,-0.5778,1.5468,-0.5202,0.2854,1.5468,0.0497,-0.1074,-0.6246,82.43
PEU-AC-REFILL,PL_WAW,Kit incarcare clima R134a/R1234yf,ac_cooling,Warsaw,,Central,6.5814,187629.0,0.8545,2.3448,2.0618,7,-0.1273,2.0618,-0.4083,0.2444,1.4687,0.0328,-0.081,-0.6299,81.71
PEU-AC-REFILL,DE_BER,Kit incarcare clima R134a/R1234yf,ac_cooling,Berlin,,Central,6.7989,193830.0,0.8372,2.3397,1.9542,7,0.2545,1.9542,-0.2801,0.2545,1.4597,0.0318,-0.0966,-0.6229,81.6
PEU-AC-REFILL,EE_TLL,Kit incarcare clima R134a/R1234yf,ac_cooling,Tallinn,,Nordic,6.9056,196872.0,0.8137,2.149,1.542,7,-0.5995,1.542,-0.5309,0.2723,1.542,0.0432,-0.0961,-0.6146,81.04
PEU-AC-REFILL,CZ_PRG,Kit incarcare clima R134a/R1234yf,ac_cooling,Prague,,Central,6.3899,182169.0,0.8482,2.334,2.0266,7,0.2422,2.0266,-0.3691,0.2422,1.4378,0.0341,-0.1135,-0.6335,79.95
PEU-AC-REFILL,NL_AMS,Kit incarcare clima R134a/R1234yf,ac_cooling,Amsterdam,,West,6.7579,192660.0,0.8161,2.1444,1.525,7,0.238,1.525,0.6949,0.2689,1.525,0.057,-0.0869,-0.6265,79.81
PEU-AC-REFILL,DK_CPH,Kit incarcare clima R134a/R1234yf,ac_cooling,Copenhagen,,North_Central,6.5062,185484.0,0.815,2.1332,1.612,7,0.2729,1.612,-0.0392,0.2729,1.5288,0.0628,-0.0779,-0.6252,79.0
PEU-WF-WINTER-5L,PL_WAW,Lichid parbriz iarna -20C 5L,winter_fluids,Warsaw,,Central,15.4843,84892.5,0.7007,1.8519,1.4082,12,1.0641,-0.3179,1.4082,0.6084,-0.0877,0.0509,0.2768,0.1398,77.48
PEU-WF-WINTER-5L,CZ_PRG,Lichid parbriz iarna -20C 5L,winter_fluids,Prague,,Central,14.7045,80617.5,0.6798,1.8455,1.2257,12,0.6496,-0.2807,1.2257,0.6496,-0.0757,0.055,0.3013,0.1595,75.72
PEU-WF-WINTER-5L,DE_BER,Lichid parbriz iarna -20C 5L,winter_fluids,Berlin,,Central,15.4309,84600.0,0.6728,1.7547,1.0174,12,0.6695,-0.2366,1.0174,0.6695,-0.0539,0.0751,0.3329,0.1879,74.86
PEU-WF-WINTER-5L,RO_BUC,Lichid parbriz iarna -20C 5L,winter_fluids,Bucharest,,East,14.4542,79245.0,0.6766,1.7887,1.1145,12,0.7066,-0.5609,1.1145,0.6549,-0.0562,0.0659,0.3256,0.1785,74.44
PEU-WF-WINTER-5L,DK_CPH,Lichid parbriz iarna -20C 5L,winter_fluids,Copenhagen,,North_Central,14.8906,81637.5,0.6631,1.6564,0.9085,12,0.7064,-0.0526,0.9085,0.7064,-0.0358,0.0772,0.3667,0.2182,74.05
PEU-WIPER-650,FI_HEL,Stergatoare fata 650mm,wipers,Helsinki,,Nordic,8.8304,116190.0,0.3254,0.9643,0.427,11,0.2249,0.059,0.427,0.0933,0.059,0.0841,0.3535,0.3832,70.05
PEU-WF-WINTER-5L,NL_AMS,Lichid parbriz iarna -20C 5L,winter_fluids,Amsterdam,,West,10.5527,57855.0,0.6941,1.887,0.6303,12,0.6303,-0.0784,0.2428,0.5898,-0.0784,0.0685,0.1412,0.005,68.68
PEU-WF-WINTER-5L,FR_PAR,Lichid parbriz iarna -20C 5L,winter_fluids,Paris,,West,10.9179,59857.5,0.6907,1.8736,0.5953,12,0.5953,-0.288,0.2508,0.5953,-0.0749,0.0659,0.1447,0.0008,68.29
PEU-CABIN-CARBON,FI_HEL,Filtru habitaclu cu carbon,filters,Helsinki,,Nordic,8.8263,122588.0,0.4174,1.1753,0.2469,4,-0.2984,0.2469,-0.2233,-0.1207,0.2469,0.0769,0.1235,0.2113,67.73
PEU-WF-WINTER-5L,ES_MAD,Lichid parbriz iarna -20C 5L,winter_fluids,Madrid,,South,10.015,54907.5,0.6933,1.8811,0.6217,12,0.6217,-0.5807,0.1833,0.6217,-0.0873,0.0625,0.1636,0.0109,67.66
PEU-WF-WINTER-5L,IT_MIL,Lichid parbriz iarna -20C 5L,winter_fluids,Milan,,South,10.3789,56902.5,0.6911,1.8699,0.605,12,0.605,-0.5056,0.2022,0.605,-0.0749,0.0609,0.159,0.0127,67.45
PEU-CABIN-CARBON,EE_TLL,Filtru habitaclu cu carbon,filters,Tallinn,,Nordic,8.2722,114893.0,0.4193,1.1865,0.2439,4,-0.316,0.2439,-0.2546,-0.1221,0.2439,0.0712,0.1291,0.2046,67.41
PEU-CABIN-CARBON,FR_PAR,Filtru habitaclu cu carbon,filters,Paris,,West,8.4186,116926.0,0.4203,1.1695,0.2447,4,-0.1327,0.2447,0.0367,-0.1327,0.2422,0.0598,0.1146,0.1953,67.31
PEU-CABIN-CARBON,SE_STO,Filtru habitaclu cu carbon,filters,Stockholm,,Nordic,8.4843,117838.0,0.4179,1.1833,0.227,4,-0.3433,0.227,-0.2507,-0.1296,0.227,0.0767,0.1339,0.2148,67.27
PEU-CABIN-CARBON,ES_MAD,Filtru habitaclu cu carbon,filters,Madrid,,South,8.3885,116508.0,0.4291,1.1253,0.2813,5,-0.0734,0.2813,0.0332,-0.0734,0.1324,0.0943,0.1221,0.0715,67.08
PEU-BATT-70AH,FI_HEL,Baterie 70Ah AGM/EFB,battery,Helsinki,,Nordic,5.2763,559265.0,0.2762,0.551,0.6267,12,0.6267,-0.1756,0.4471,0.5771,-0.1756,0.0823,0.0853,-0.0394,66.53
PEU-WIPER-650,EE_TLL,Stergatoare fata 650mm,wipers,Tallinn,,Nordic,8.2025,107928.0,0.3194,0.9531,0.402,11,0.1587,0.0956,0.402,0.1114,0.0956,0.0845,0.3714,0.3823,66.5
PEU-WIPER-650,SE_STO,Stergatoare fata 650mm,wipers,Stockholm,,Nordic,8.357,109962.0,0.3044,0.8916,0.365,11,0.1,0.028,0.365,0.1057,0.028,0.0722,0.2688,0.3593,65.86
PEU-CABIN-CARBON,NL_AMS,Filtru habitaclu cu carbon,filters,Amsterdam,,West,8.0643,112005.0,0.4185,1.1787,0.2285,4,-0.1577,0.2285,0.066,-0.1358,0.2285,0.0743,0.1136,0.2082,65.79
PEU-CABIN-CARBON,DK_CPH,Filtru habitaclu cu carbon,filters,Copenhagen,,North_Central,7.7743,107977.0,0.4188,1.1771,0.2572,4,-0.1081,0.2572,-0.1783,-0.1081,0.2369,0.0642,0.1441,0.2123,65.67
PEU-CABIN-CARBON,DE_BER,Filtru habitaclu cu carbon,filters,Berlin,,Central,7.922,110029.0,0.4186,1.1901,0.2239,4,-0.1468,0.12,-0.2142,-0.1468,0.2239,0.0674,0.1282,0.203,65.5
PEU-BATT-70AH,EE_TLL,Baterie 70Ah AGM/EFB,battery,Tallinn,,Nordic,4.8947,518810.0,0.2715,0.5762,0.6051,12,0.6051,-0.1704,0.4183,0.5787,-0.1704,0.0878,0.0608,-0.0599,65.37
PEU-CABIN-CARBON,PL_WAW,Filtru habitaclu cu carbon,filters,Warsaw,,Central,7.658,106362.0,0.42,1.1844,0.2336,4,-0.2171,0.2014,-0.271,-0.15,0.2336,0.076,0.1206,0.1947,65.14
PEU-BATT-70AH,SE_STO,Baterie 70Ah AGM/EFB,battery,Stockholm,,Nordic,4.9056,519970.0,0.2584,0.4828,0.5933,1,0.5859,-0.155,0.3671,0.5933,-0.155,0.0595,0.0583,-0.0784,64.54
PEU-SUMMER-TIRE-205,FI_HEL,Anvelopa vara 205/55R16,tires,Helsinki,,Nordic,4.632,243792.0,0.8575,2.6909,0.0,4,-0.5112,-0.3236,-0.4007,-0.3418,-0.3236,0.0879,0.1017,0.6308,64.02
PEU-CABIN-CARBON,IT_MIL,Filtru habitaclu cu carbon,filters,Milan,,South,8.3639,116166.0,0.409,1.1276,0.1619,4,-0.0192,0.154,0.109,-0.0192,0.1619,0.0884,0.177,0.1195,63.36
PEU-SUMMER-TIRE-205,EE_TLL,Anvelopa vara 205/55R16,tires,Tallinn,,Nordic,4.3338,228096.0,0.8627,2.6972,0.0,4,-0.5363,-0.3344,-0.4549,-0.3149,-0.3344,0.0894,0.096,0.6293,63.14
PEU-CABIN-CARBON,CZ_PRG,Filtru habitaclu cu carbon,filters,Prague,,Central,7.4637,103664.0,0.4171,1.1759,0.2319,4,-0.1444,0.1919,-0.2596,-0.1444,0.2319,0.0695,0.1193,0.1989,63.01
PEU-BATT-70AH,NL_AMS,Baterie 70Ah AGM/EFB,battery,Amsterdam,,West,4.0739,431810.0,0.2066,0.1669,0.8869,10,0.8869,-0.0187,0.3754,0.8615,-0.0187,0.0754,0.1972,0.038,62.89
PEU-BATT-70AH,FR_PAR,Baterie 70Ah AGM/EFB,battery,Paris,,West,4.2285,448195.0,0.2042,0.1641,0.8754,10,0.8754,-0.069,0.3825,0.8754,-0.0659,0.0714,0.2271,0.0642,62.73
PEU-SUMMER-TIRE-205,SE_STO,Anvelopa vara 205/55R16,tires,Stockholm,,Nordic,4.461,234792.0,0.8521,2.6566,0.0,4,-0.5892,-0.3349,-0.4466,-0.2876,-0.3349,0.0855,0.1167,0.629,62.33
PEU-BATT-70AH,PL_WAW,Baterie 70Ah AGM/EFB,battery,Warsaw,,Central,3.9439,418035.0,0.2295,0.1753,0.8806,1,0.7577,-0.0808,0.1353,0.8806,-0.0399,0.0902,0.2326,0.0326,62.29
PEU-BATT-70AH,CZ_PRG,Baterie 70Ah AGM/EFB,battery,Prague,,Central,3.803,403100.0,0.2117,0.1952,0.8947,11,0.8947,-0.0724,0.0797,0.8947,-0.0596,0.0517,0.2244,0.063,62.16
PEU-COOLANT-PREMIX,FI_HEL,Lichid racire premix 5L,coolant,Helsinki,,Nordic,7.4186,86768.0,0.3131,0.8871,0.3462,11,0.3224,0.3047,0.3332,0.3462,0.3047,0.0825,0.2466,0.0513,61.9
PEU-RUBBER-MATS,IT_MIL,Covorase cauciuc Peugeot,accessories,Milan,,South,4.3105,110285.0,0.4345,1.174,0.339,11,0.339,-0.1873,0.2743,0.339,0.2575,0.0688,0.4435,0.4004,61.83
PEU-RUBBER-MATS,FI_HEL,Covorase cauciuc Peugeot,accessories,Helsinki,,Nordic,4.7975,122745.0,0.4214,1.1346,0.3254,11,0.1472,0.2797,0.2794,0.3254,0.2797,0.0854,0.4178,0.384,61.78
PEU-RUBBER-MATS,NL_AMS,Covorase cauciuc Peugeot,accessories,Amsterdam,,West,4.316,110425.0,0.4336,1.1768,0.3229,11,0.3229,0.2558,0.3181,0.2965,0.2558,0.0991,0.4544,0.3848,61.78
PEU-BATT-70AH,IT_MIL,Baterie 70Ah AGM/EFB,battery,Milan,,South,4.0219,426300.0,0.1989,0.1792,0.8531,10,0.8531,0.0651,0.3657,0.8531,-0.027,0.0618,0.2204,0.0533,61.74
PEU-BATT-70AH,DE_BER,Baterie 70Ah AGM/EFB,battery,Berlin,,Central,4.0465,428910.0,0.1999,0.1564,0.8636,10,0.8636,-0.0197,0.0933,0.8636,-0.0012,0.0419,0.2259,0.0612,61.67
PEU-BATT-70AH,DK_CPH,Baterie 70Ah AGM/EFB,battery,Copenhagen,,North_Central,3.948,418470.0,0.2078,0.1562,0.8785,11,0.8785,-0.0091,0.1508,0.8785,-0.0082,0.0711,0.1969,0.0706,61.6
PEU-RUBBER-MATS,FR_PAR,Covorase cauciuc Peugeot,accessories,Paris,,West,4.4897,114870.0,0.4342,1.1692,0.3217,11,0.293,0.0419,0.3217,0.293,0.2637,0.1141,0.4306,0.3775,61.53
PEU-SUMMER-TIRE-205,FR_PAR,Anvelopa vara 205/55R16,tires,Paris,,West,4.3748,230256.0,0.8512,2.6472,0.0,4,-0.2925,-0.277,-0.3049,-0.2925,-0.3311,0.0897,0.1034,0.6236,61.3
PEU-BATT-70AH,ES_MAD,Baterie 70Ah AGM/EFB,battery,Madrid,,South,3.9111,414555.0,0.2117,0.1402,0.8857,7,0.8857,0.0298,0.3652,0.8857,-0.0315,0.071,0.2159,0.0418,61.15
PEU-SUMMER-TIRE-205,DE_BER,Anvelopa vara 205/55R16,tires,Berlin,,Central,4.1464,218232.0,0.8576,2.6673,0.0,4,-0.3341,-0.4157,-0.4892,-0.3341,-0.3544,0.102,0.0521,0.6192,61.12
PEU-CABIN-CARBON,RO_BUC,Filtru habitaclu cu carbon,filters,Bucharest,,East,7.6525,106286.0,0.404,1.1368,0.1604,4,-0.0235,0.103,-0.2461,0.0075,0.1604,0.079,0.0899,0.1508,60.88
PEU-RUBBER-MATS,RO_BUC,Covorase cauciuc Peugeot,accessories,Bucharest,,East,3.9644,101430.0,0.4355,1.1901,0.3297,11,0.3297,-0.167,0.0087,0.3057,0.2725,0.0982,0.4752,0.3844,60.82
PEU-BATT-70AH,RO_BUC,Baterie 70Ah AGM/EFB,battery,Bucharest,,East,3.7606,398605.0,0.2148,0.1529,0.8645,10,0.8645,0.0664,0.0811,0.8326,-0.0715,0.082,0.2609,0.0676,60.6
PEU-RUBBER-MATS,SE_STO,Covorase cauciuc Peugeot,accessories,Stockholm,,Nordic,4.565,116795.0,0.4275,1.1673,0.2612,11,0.0244,0.2516,0.2475,0.2612,0.2516,0.0858,0.4232,0.3809,60.37
PEU-SUMMER-TIRE-205,NL_AMS,Anvelopa vara 205/55R16,tires,Amsterdam,,West,4.2216,222192.0,0.8493,2.6295,0.0,4,-0.3585,-0.3462,-0.2269,-0.3163,-0.3462,0.0737,0.089,0.6042,60.22
PEU-RUBBER-MATS,CZ_PRG,Covorase cauciuc Peugeot,accessories,Prague,,Central,4.0,102340.0,0.4339,1.204,0.2936,11,0.2936,0.0643,0.0457,0.2936,0.2607,0.083,0.4609,0.4145,60.19
PEU-SUMMER-TIRE-205,IT_MIL,Anvelopa vara 205/55R16,tires,Milan,,South,4.1546,218664.0,0.8491,2.6529,0.0,4,-0.3253,-0.3509,-0.1382,-0.3253,-0.305,0.0786,0.1012,0.642,60.17
PEU-SUMMER-TIRE-205,ES_MAD,Anvelopa vara 205/55R16,tires,Madrid,,South,4.0397,212616.0,0.8513,2.6813,0.0,4,-0.3057,-0.1922,-0.1859,-0.3057,-0.3474,0.0839,0.075,0.6201,60.13
PEU-RUBBER-MATS,EE_TLL,Covorase cauciuc Peugeot,accessories,Tallinn,,Nordic,4.5089,115360.0,0.4323,1.1583,0.2679,11,0.066,0.2678,0.2679,0.2581,0.2678,0.0956,0.3995,0.3881,60.02
PEU-SUMMER-TIRE-205,DK_CPH,Anvelopa vara 205/55R16,tires,Copenhagen,,North_Central,4.0848,214992.0,0.8535,2.6501,0.0,4,-0.3135,-0.3258,-0.5026,-0.3135,-0.3342,0.0753,0.0885,0.6143,59.83
PEU-RUBBER-MATS,DK_CPH,Covorase cauciuc Peugeot,accessories,Copenhagen,,North_Central,4.2011,107485.0,0.435,1.1605,0.3021,11,0.3021,0.2301,-0.0087,0.3021,0.2604,0.09,0.4249,0.3971,59.75
PEU-SUMMER-TIRE-205,CZ_PRG,Anvelopa vara 205/55R16,tires,Prague,,Central,3.8933,204912.0,0.8603,2.6855,0.0,4,-0.3331,-0.3452,-0.5353,-0.3331,-0.3115,0.0875,0.0906,0.6613,59.73
PEU-RUBBER-MATS,PL_WAW,Covorase cauciuc Peugeot,accessories,Warsaw,,Central,4.1436,106015.0,0.4329,1.1762,0.2892,11,0.0303,0.0551,0.0443,0.268,0.2892,0.0974,0.453,0.3921,59.49
PEU-SUMMER-TIRE-205,PL_WAW,Anvelopa vara 205/55R16,tires,Warsaw,,Central,4.015,211320.0,0.8512,2.6584,0.0,4,-0.4333,-0.296,-0.5455,-0.3013,-0.3433,0.0737,0.122,0.6191,59.35
PEU-COOLANT-PREMIX,EE_TLL,Lichid racire premix 5L,coolant,Tallinn,,Nordic,6.9001,80704.0,0.3173,0.8516,0.3634,11,0.3042,0.3243,0.3634,0.3562,0.3243,0.0897,0.2329,0.0599,59.19
PEU-RUBBER-MATS,ES_MAD,Covorase cauciuc Peugeot,accessories,Madrid,,South,4.1067,105070.0,0.4283,1.1859,0.2692,11,0.2692,-0.2513,0.2599,0.2692,0.2692,0.0863,0.4334,0.4073,59.17
PEU-RUBBER-MATS,DE_BER,Covorase cauciuc Peugeot,accessories,Berlin,,Central,4.29,109760.0,0.4294,1.1448,0.274,11,0.274,0.0732,-0.0011,0.274,0.2433,0.1081,0.4123,0.3921,58.82
PEU-SUMMER-TIRE-205,RO_BUC,Anvelopa vara 205/55R16,tires,Bucharest,,East,3.844,202320.0,0.8566,2.6683,0.0,4,-0.3512,-0.3997,-0.4869,-0.3244,-0.3244,0.0923,0.0915,0.6218,58.78
PEU-COOLANT-PREMIX,FR_PAR,Lichid racire premix 5L,coolant,Paris,,West,6.6033,77232.0,0.2971,0.8783,0.4067,11,0.4067,0.2983,0.3876,0.4067,0.3733,0.0718,0.3007,0.0958,58.61
PEU-COOLANT-PREMIX,IT_MIL,Lichid racire premix 5L,coolant,Milan,,South,6.5089,76128.0,0.3009,0.8335,0.4622,11,0.4622,0.2958,0.3535,0.4622,0.3467,0.0751,0.3042,0.0467,58.24
PEU-COOLANT-PREMIX,SE_STO,Lichid racire premix 5L,coolant,Stockholm,,Nordic,7.0123,82016.0,0.3046,0.8308,0.3336,11,0.2609,0.3336,0.3186,0.3273,0.3336,0.0684,0.2427,0.0508,57.8
PEU-COOLANT-PREMIX,DK_CPH,Lichid racire premix 5L,coolant,Copenhagen,,North_Central,6.1546,71984.0,0.2934,0.8788,0.4279,11,0.4279,0.3722,0.2003,0.4279,0.3633,0.0876,0.2873,0.1095,57.11
PEU-COOLANT-PREMIX,NL_AMS,Lichid racire premix 5L,coolant,Amsterdam,,West,6.3967,74816.0,0.2933,0.8586,0.4114,11,0.4114,0.3921,0.3821,0.399,0.3921,0.0778,0.3032,0.1069,56.83
PEU-COOLANT-PREMIX,DE_BER,Lichid racire premix 5L,coolant,Berlin,,Central,6.2599,73216.0,0.2998,0.8937,0.3957,11,0.3957,0.331,0.1281,0.3957,0.3887,0.0764,0.3032,0.1011,56.74
PEU-ANTIFREEZE-G12,FI_HEL,Antigel G12 concentrat 1L,coolant,Helsinki,,Nordic,8.4569,52547.0,0.3133,0.8894,0.3401,11,0.3205,0.3089,0.3299,0.3401,0.3089,0.0832,0.2399,0.0535,56.67
PEU-WIPER-650,FR_PAR,Stergatoare fata 650mm,wipers,Paris,,West,7.4952,98622.0,0.2733,0.766,0.2313,11,0.1508,-0.0296,0.2313,0.1508,0.1392,0.0994,0.3093,0.3639,55.81
PEU-ANTIFREEZE-G12,NL_AMS,Antigel G12 concentrat 1L,coolant,Amsterdam,,West,7.2982,45347.5,0.2949,0.8704,0.4247,11,0.4247,0.3816,0.3742,0.4058,0.3816,0.076,0.2874,0.0966,55.21
PEU-COOLANT-PREMIX,RO_BUC,Lichid racire premix 5L,coolant,Bucharest,,East,5.9863,70016.0,0.298,0.8392,0.4434,11,0.4434,0.3095,0.0991,0.433,0.3077,0.0838,0.2487,0.0462,55.16
PEU-ANTIFREEZE-G12,SE_STO,Antigel G12 concentrat 1L,coolant,Stockholm,,Nordic,8.0274,49878.0,0.3075,0.8527,0.3493,11,0.2626,0.3273,0.3224,0.3493,0.3273,0.0733,0.2502,0.0551,55.14
PEU-COOLANT-PREMIX,ES_MAD,Lichid racire premix 5L,coolant,Madrid,,South,6.3926,74768.0,0.2852,0.802,0.4207,11,0.4207,0.1372,0.2887,0.4207,0.3034,0.0859,0.2785,0.0279,55.02
PEU-ANTIFREEZE-G12,EE_TLL,Antigel G12 concentrat 1L,coolant,Tallinn,,Nordic,7.8659,48875.0,0.3129,0.8526,0.3546,11,0.299,0.3055,0.3546,0.339,0.3055,0.0845,0.2259,0.0457,54.91
PEU-ANTIFREEZE-G12,IT_MIL,Antigel G12 concentrat 1L,coolant,Milan,,South,7.3912,45925.5,0.3017,0.8237,0.4532,11,0.4532,0.2878,0.3452,0.4532,0.3395,0.0921,0.27,0.0408,54.86
PEU-COOLANT-PREMIX,PL_WAW,Lichid racire premix 5L,coolant,Warsaw,,Central,6.0684,70976.0,0.2942,0.8455,0.4127,11,0.3401,0.3193,0.1563,0.4127,0.3981,0.0869,0.2754,0.067,54.72
PEU-WIPER-650,NL_AMS,Stergatoare fata 650mm,wipers,Amsterdam,,West,7.2326,95166.0,0.2693,0.7504,0.2257,11,0.1537,0.0682,0.2257,0.1461,0.0682,0.085,0.3075,0.3525,54.14
PEU-ANTIFREEZE-G12,FR_PAR,Antigel G12 concentrat 1L,coolant,Paris,,West,7.5718,47047.5,0.2918,0.8511,0.4052,11,0.4052,0.2986,0.3944,0.4052,0.3818,0.0692,0.295,0.0977,54.0
PEU-COOLANT-PREMIX,CZ_PRG,Lichid racire premix 5L,coolant,Prague,,Central,5.8892,68880.0,0.2911,0.8491,0.4202,11,0.4202,0.3148,0.1482,0.4202,0.3827,0.0753,0.2801,0.0897,53.66
PEU-WIPER-650,ES_MAD,Stergatoare fata 650mm,wipers,Madrid,,South,6.8605,90270.0,0.2708,0.7435,0.2362,11,0.1473,-0.2202,0.2362,0.1473,0.122,0.0836,0.332,0.3739,53.12
PEU-ANTIFREEZE-G12,DK_CPH,Antigel G12 concentrat 1L,coolant,Copenhagen,,North_Central,7.0451,43775.0,0.2926,0.8675,0.4022,11,0.4022,0.3737,0.2089,0.4022,0.3646,0.0802,0.2906,0.0924,52.82
PEU-ANTIFREEZE-G12,DE_BER,Antigel G12 concentrat 1L,coolant,Berlin,,Central,7.1765,44591.0,0.2907,0.8499,0.4123,11,0.4123,0.3539,0.1486,0.4123,0.4,0.0782,0.2842,0.0977,52.66
PEU-WIPER-650,IT_MIL,Stergatoare fata 650mm,wipers,Milan,,South,7.0862,93240.0,0.2664,0.7327,0.195,11,0.1217,-0.1637,0.195,0.1217,0.1217,0.0815,0.3095,0.3701,52.59
PEU-ANTIFREEZE-G12,RO_BUC,Antigel G12 concentrat 1L,coolant,Bucharest,,East,6.87,42687.0,0.2966,0.8232,0.4573,11,0.4573,0.3174,0.0986,0.4461,0.3304,0.0906,0.2505,0.0528,52.43
PEU-ANTIFREEZE-G12,ES_MAD,Antigel G12 concentrat 1L,coolant,Madrid,,South,7.2914,45305.0,0.2841,0.7992,0.4254,11,0.4254,0.1389,0.2946,0.4254,0.3104,0.0816,0.2887,0.0214,52.31
PEU-WIPER-650,PL_WAW,Stergatoare fata 650mm,wipers,Warsaw,,Central,7.2216,95022.0,0.2645,0.6673,0.1653,11,-0.0046,-0.0734,0.1653,0.0459,0.028,0.0872,0.2417,0.2582,52.27
PEU-WIPER-650,DE_BER,Stergatoare fata 650mm,wipers,Berlin,,Central,7.3762,97056.0,0.2581,0.6839,0.1331,11,0.0936,-0.0242,0.1331,0.0936,0.0759,0.1035,0.258,0.2771,52.13
PEU-WIPER-650,RO_BUC,Stergatoare fata 650mm,wipers,Bucharest,,East,6.8974,90756.0,0.272,0.7024,0.1618,11,0.1134,-0.1995,0.1618,0.0969,0.0655,0.0802,0.2689,0.2891,51.48
PEU-WIPER-650,DK_CPH,Stergatoare fata 650mm,wipers,Copenhagen,,North_Central,7.0985,93402.0,0.2566,0.7025,0.138,11,0.138,0.0617,0.0936,0.138,0.0708,0.091,0.2686,0.316,51.32
PEU-ANTIFREEZE-G12,CZ_PRG,Antigel G12 concentrat 1L,coolant,Prague,,Central,6.7497,41939.0,0.2928,0.8596,0.401,11,0.401,0.3052,0.1385,0.401,0.3683,0.0803,0.2745,0.087,51.27
PEU-OIL-5W30-5L,RO_BUC,Ulei motor 5W30 5L,maintenance,Bucharest,,East,7.3543,225792.0,0.1806,0.1196,0.0224,12,-0.007,0.0224,-0.0415,-0.0029,-0.0905,0.3596,0.0318,-0.0289,51.27
PEU-WIPER-650,CZ_PRG,Stergatoare fata 650mm,wipers,Prague,,Central,6.9672,91674.0,0.2669,0.6792,0.1437,11,0.0731,-0.0643,0.1437,0.0731,0.0296,0.0911,0.2202,0.2691,50.88
PEU-OIL-5W30-5L,IT_MIL,Ulei motor 5W30 5L,maintenance,Milan,,South,7.9644,244524.0,0.1754,0.1127,0.0209,12,0.0209,0.0163,-0.0321,0.0209,-0.0763,0.3547,0.0247,-0.0352,50.86
PEU-ANTIFREEZE-G12,PL_WAW,Antigel G12 concentrat 1L,coolant,Warsaw,,Central,6.974,43333.0,0.2893,0.8383,0.3982,11,0.3138,0.308,0.1499,0.3982,0.3918,0.0676,0.2852,0.0927,50.62
PEU-OIL-5W30-5L,FR_PAR,Ulei motor 5W30 5L,maintenance,Paris,,West,8.342,256116.0,0.1757,0.1195,0.0,12,-0.0269,-0.0915,-0.0465,-0.0269,-0.0989,0.3524,0.0201,-0.0359,46.24
PEU-OIL-5W30-5L,FI_HEL,Ulei motor 5W30 5L,maintenance,Helsinki,,Nordic,8.844,271530.0,0.1736,0.1182,0.0,12,-0.0171,-0.1032,-0.0309,-0.011,-0.1032,0.3476,0.0307,-0.0288,46.19
PEU-OIL-5W30-5L,ES_MAD,Ulei motor 5W30 5L,maintenance,Madrid,,South,7.6293,234234.0,0.1739,0.1058,0.0074,8,-0.0119,0.0074,-0.0485,-0.0119,-0.0963,0.3431,0.0446,-0.0289,45.37
PEU-OIL-5W30-5L,NL_AMS,Ulei motor 5W30 5L,maintenance,Amsterdam,,West,8.0616,247506.0,0.1768,0.1125,0.0,12,-0.0357,-0.0772,-0.0489,-0.0292,-0.0772,0.3518,0.0445,-0.0343,45.03
PEU-OIL-5W30-5L,DE_BER,Ulei motor 5W30 5L,maintenance,Berlin,,Central,7.9111,242886.0,0.1786,0.1107,0.0,7,-0.0102,-0.0892,-0.0346,-0.0102,-0.0645,0.3557,0.0387,-0.0289,44.18
PEU-OIL-5W30-5L,SE_STO,Ulei motor 5W30 5L,maintenance,Stockholm,,Nordic,8.472,260106.0,0.1743,0.1006,0.0,12,-0.0417,-0.0777,-0.0329,-0.0169,-0.0777,0.3463,0.0379,-0.0324,42.58
PEU-OIL-5W30-5L,CZ_PRG,Ulei motor 5W30 5L,maintenance,Prague,,Central,7.4036,227304.0,0.1803,0.1095,0.0,8,-0.0098,-0.084,-0.0575,-0.0098,-0.0794,0.3573,0.0138,-0.0232,42.52
PEU-OIL-5W30-5L,EE_TLL,Ulei motor 5W30 5L,maintenance,Tallinn,,Nordic,8.2585,253554.0,0.1784,0.1001,0.0,8,-0.024,-0.0999,-0.0345,-0.0219,-0.0999,0.3615,0.0278,-0.0378,42.41
PEU-OIL-5W30-5L,PL_WAW,Ulei motor 5W30 5L,maintenance,Warsaw,,Central,7.6265,234150.0,0.1811,0.1039,0.0,12,-0.0308,-0.0864,-0.0428,-0.0059,-0.0903,0.3586,0.0276,-0.0377,42.0
PEU-HEADLIGHT-H7,FI_HEL,Bec far H7,lighting,Helsinki,,Nordic,7.0397,30876.0,0.2438,0.6264,0.2851,11,0.2698,0.0739,0.2851,0.0616,0.0739,0.0803,0.1722,0.0853,41.86
PEU-BRAKE-PADS-F,DE_BER,Placute frana fata,brakes,Berlin,,Central,6.0834,209009.0,0.1595,0.1132,0.0142,8,0.0142,-0.0649,-0.0469,0.0142,-0.0566,0.2464,0.0508,-0.0214,41.48
PEU-HEADLIGHT-H7,EE_TLL,Bec far H7,lighting,Tallinn,,Nordic,6.5554,28752.0,0.2452,0.6324,0.3111,11,0.2576,0.0307,0.3111,0.0637,0.0307,0.0942,0.1825,0.086,41.06
PEU-BRAKE-PADS-F,FI_HEL,Placute frana fata,brakes,Helsinki,,Nordic,6.751,231945.0,0.1531,0.1001,0.0126,12,-0.0079,-0.0765,-0.0202,0.0126,-0.0765,0.2532,0.0746,-0.0085,40.57
PEU-HEADLIGHT-H7,SE_STO,Bec far H7,lighting,Stockholm,,Nordic,6.7196,29472.0,0.2438,0.6152,0.2856,11,0.2388,-0.0017,0.2856,0.0818,-0.0017,0.0902,0.1757,0.0872,40.31
PEU-OIL-5W30-5L,DK_CPH,Ulei motor 5W30 5L,maintenance,Copenhagen,,North_Central,7.7934,239274.0,0.1802,0.0954,0.0,12,-0.0223,-0.0876,-0.0394,-0.0223,-0.0829,0.3639,0.0315,-0.0417,40.28
PEU-BRAKE-PADS-F,ES_MAD,Placute frana fata,brakes,Madrid,,South,5.8276,200220.0,0.1576,0.1264,0.001,12,0.001,-0.0058,-0.0373,0.001,-0.0801,0.2518,0.0587,-0.0102,38.52
PEU-BRAKE-PADS-F,NL_AMS,Placute frana fata,brakes,Amsterdam,,West,6.1984,212957.0,0.1565,0.1015,0.0086,12,0.0032,-0.0608,-0.0284,0.0086,-0.0608,0.2529,0.0688,-0.0164,37.55
PEU-BRAKE-PADS-F,RO_BUC,Placute frana fata,brakes,Bucharest,,East,5.6402,193781.0,0.1599,0.0954,0.0325,12,-0.0137,0.0325,-0.0391,-0.0104,-0.0485,0.2527,0.0583,-0.0246,37.09
PEU-HEADLIGHT-H7,FR_PAR,Bec far H7,lighting,Paris,,West,6.6129,29004.0,0.2432,0.6419,0.0696,11,0.0672,-0.0637,0.0696,0.0672,0.0476,0.0907,0.1837,0.0774,36.85
PEU-BRAKE-PADS-F,SE_STO,Placute frana fata,brakes,Stockholm,,Nordic,6.4925,223062.0,0.1584,0.106,0.0,8,-0.0458,-0.0518,-0.0348,-0.0054,-0.0518,0.2617,0.0666,-0.0157,36.49
PEU-BRAKE-PADS-F,CZ_PRG,Placute frana fata,brakes,Prague,,Central,5.6689,194768.0,0.1671,0.1512,0.0,12,-0.008,-0.0638,-0.0539,-0.008,-0.0459,0.2658,0.0855,-0.0239,36.47
PEU-HEADLIGHT-H7,PL_WAW,Bec far H7,lighting,Warsaw,,Central,6.0616,26586.0,0.2464,0.6242,0.224,11,0.1319,-0.0686,0.224,0.0678,0.0322,0.0796,0.1742,0.0863,36.41
PEU-BRAKE-PADS-F,IT_MIL,Placute frana fata,brakes,Milan,,South,6.0356,207364.0,0.1552,0.0968,0.0148,12,-0.0132,0.0148,-0.0518,-0.0132,-0.0844,0.2506,0.0377,-0.0246,36.3
PEU-OIL-FILTER,IT_MIL,Filtru ulei,maintenance,Milan,,South,9.2339,60750.0,0.1741,0.1144,0.0125,12,-0.0355,0.0125,-0.0612,-0.0355,-0.0866,0.3526,0.0334,-0.0322,36.23
PEU-HEADLIGHT-H7,NL_AMS,Bec far H7,lighting,Amsterdam,,West,6.4159,28140.0,0.245,0.6236,0.1084,11,0.1084,0.027,0.0749,0.0944,0.027,0.0938,0.1805,0.1013,36.0
PEU-HEADLIGHT-H7,DE_BER,Bec far H7,lighting,Berlin,,Central,6.2845,27564.0,0.2439,0.6137,0.1651,11,0.0768,-0.0571,0.1651,0.0768,0.0149,0.0977,0.1897,0.0915,35.83
PEU-HEADLIGHT-H7,IT_MIL,Bec far H7,lighting,Milan,,South,6.2832,27558.0,0.2474,0.6348,0.0564,11,0.0564,-0.1652,0.039,0.0564,0.0357,0.1005,0.1728,0.0839,35.79
PEU-BRAKE-PADS-F,FR_PAR,Placute frana fata,brakes,Paris,,West,6.3789,219161.0,0.1579,0.1053,0.0,12,-0.0006,-0.0707,-0.0265,-0.0006,-0.0747,0.254,0.0701,-0.0158,35.52
PEU-HEADLIGHT-H7,CZ_PRG,Bec far H7,lighting,Prague,,Central,5.9234,25980.0,0.2447,0.621,0.203,11,0.0644,-0.0296,0.203,0.0644,0.0425,0.1047,0.1715,0.0731,35.35
PEU-OIL-FILTER,ES_MAD,Filtru ulei,maintenance,Madrid,,South,8.9083,58608.0,0.1759,0.1124,0.0115,12,-0.0232,0.0115,-0.0486,-0.0232,-0.0762,0.3541,0.0496,-0.0359,34.93
PEU-OIL-FILTER,RO_BUC,Filtru ulei,maintenance,Bucharest,,East,8.591,56520.0,0.177,0.0986,0.0338,8,-0.0188,0.0338,-0.0484,-0.0059,-0.071,0.356,0.0258,-0.0237,34.4
PEU-HEADLIGHT-H7,RO_BUC,Bec far H7,lighting,Bucharest,,East,5.844,25632.0,0.2405,0.615,0.1904,11,0.0893,-0.1399,0.1904,0.0794,0.0276,0.076,0.1701,0.0878,34.26
PEU-HEADLIGHT-H7,DK_CPH,Bec far H7,lighting,Copenhagen,,North_Central,6.1847,27126.0,0.2385,0.601,0.1595,11,0.0458,0.0418,0.1595,0.0458,0.0458,0.0755,0.1753,0.0796,34.26
PEU-OIL-FILTER,SE_STO,Filtru ulei,maintenance,Stockholm,,Nordic,9.896,65106.0,0.1778,0.1203,0.0,12,-0.0486,-0.0847,-0.0368,-0.0326,-0.0847,0.3592,0.0192,-0.0348,34.18
PEU-OIL-FILTER,FR_PAR,Filtru ulei,maintenance,Paris,,West,9.725,63981.0,0.1756,0.1254,0.0,12,-0.0106,-0.089,-0.0372,-0.0106,-0.0857,0.354,0.0245,-0.0367,33.46
PEU-HEADLIGHT-H7,ES_MAD,Bec far H7,lighting,Madrid,,South,6.067,26610.0,0.2406,0.6017,0.0526,11,0.0526,-0.2054,0.0398,0.0526,0.0455,0.0834,0.1775,0.0905,33.36
PEU-OIL-FILTER,FI_HEL,Filtru ulei,maintenance,Helsinki,,Nordic,10.3092,67824.0,0.1757,0.1116,0.0,12,-0.0131,-0.0851,-0.0241,-0.0268,-0.0851,0.3572,0.0247,-0.0358,32.81
PEU-BRAKE-PADS-F,PL_WAW,Placute frana fata,brakes,Warsaw,,Central,5.8304,200314.0,0.1586,0.1052,0.0,7,-0.047,-0.0481,-0.0455,-0.0069,-0.0437,0.2553,0.0582,-0.0094,32.53
PEU-AIR-FILTER,SE_STO,Filtru aer motor,filters,Stockholm,,Nordic,7.3653,80760.0,0.1058,0.0821,0.0424,12,-0.0106,-0.022,-0.0031,0.0424,-0.022,0.0984,0.1134,0.0104,32.49
PEU-BRAKE-PADS-F,EE_TLL,Placute frana fata,brakes,Tallinn,,Nordic,6.3311,217516.0,0.1572,0.0943,0.0,12,-0.0191,-0.054,-0.0192,-0.0132,-0.054,0.2555,0.0871,-0.0138,32.0
PEU-BRAKE-PADS-F,DK_CPH,Placute frana fata,brakes,Copenhagen,,North_Central,5.9466,204309.0,0.1522,0.1029,0.0,12,-0.0342,-0.0811,-0.0545,-0.0342,-0.0775,0.2405,0.0541,-0.0127,31.96
PEU-AIR-FILTER,FI_HEL,Filtru aer motor,filters,Helsinki,,Nordic,7.6689,84090.0,0.1037,0.078,0.0222,11,-0.0073,-0.0003,-0.0018,0.0222,-0.0003,0.091,0.1223,0.0125,31.85
PEU-OIL-FILTER,NL_AMS,Filtru ulei,maintenance,Amsterdam,,West,9.4063,61884.0,0.1738,0.1113,0.0,12,-0.0255,-0.0947,-0.0507,-0.0172,-0.0947,0.3522,0.0359,-0.0304,30.38
PEU-ADBLUE-10L,FI_HEL,AdBlue 10L,consumables,Helsinki,,Nordic,7.5294,71552.0,0.1016,0.0834,0.0246,10,-0.0251,0.0017,-0.0157,0.0246,0.0017,0.0804,0.1267,0.0185,30.0
PEU-OIL-FILTER,DE_BER,Filtru ulei,maintenance,Berlin,,Central,9.2093,60588.0,0.1757,0.1058,0.0,12,-0.0235,-0.117,-0.0385,-0.0235,-0.112,0.3578,0.0219,-0.0349,29.65
PEU-SPARK-PLUG,RO_BUC,Bujie benzina,maintenance,Bucharest,,East,5.2572,30744.0,0.189,0.1303,0.026,12,-0.0334,0.026,-0.0501,-0.026,-0.0831,0.3548,0.0591,-0.029,29.47
PEU-AIR-FILTER,EE_TLL,Filtru aer motor,filters,Tallinn,,Nordic,7.1806,78735.0,0.1066,0.0751,0.022,11,-0.0093,-0.008,-0.0012,0.022,-0.008,0.087,0.1066,0.0057,29.42
PEU-OIL-FILTER,DK_CPH,Filtru ulei,maintenance,Copenhagen,,North_Central,9.0684,59661.0,0.1739,0.1068,0.0,12,-0.003,-0.1015,-0.0432,-0.003,-0.0977,0.3496,0.0388,-0.0324,28.96
PEU-AIR-FILTER,IT_MIL,Filtru aer motor,filters,Milan,,South,6.8536,75150.0,0.1081,0.076,0.0221,11,0.0221,0.0071,-0.0027,0.0221,-0.0219,0.093,0.1159,0.0099,28.76
PEU-OIL-FILTER,PL_WAW,Filtru ulei,maintenance,Warsaw,,Central,8.933,58770.0,0.1751,0.1026,0.0,12,-0.0316,-0.0887,-0.0463,-0.0067,-0.0932,0.3517,0.0436,-0.0278,27.79
PEU-ADBLUE-10L,SE_STO,AdBlue 10L,consumables,Stockholm,,Nordic,7.2435,68835.0,0.1025,0.0747,0.0307,12,-0.0273,-0.005,-0.0136,0.0307,-0.005,0.0902,0.1075,0.0045,27.52
PEU-OIL-FILTER,EE_TLL,Filtru ulei,maintenance,Tallinn,,Nordic,9.6293,63351.0,0.1768,0.0905,0.0,12,-0.0201,-0.0986,-0.0326,-0.0228,-0.0986,0.357,0.0381,-0.0286,27.26
PEU-AIR-FILTER,DK_CPH,Filtru aer motor,filters,Copenhagen,,North_Central,6.7647,74175.0,0.1082,0.0756,0.0169,7,0.0169,-0.037,-0.0202,0.0169,-0.0341,0.1021,0.0999,-0.0051,26.92
PEU-AIR-FILTER,ES_MAD,Filtru aer motor,filters,Madrid,,South,6.6361,72765.0,0.1091,0.0748,0.0178,4,0.0178,-0.0056,-0.007,0.0178,-0.0342,0.0878,0.1105,0.027,26.17
PEU-AIR-FILTER,PL_WAW,Filtru aer motor,filters,Warsaw,,Central,6.6156,72540.0,0.1108,0.0864,0.008,10,-0.0071,-0.0327,-0.0235,0.008,-0.0246,0.1065,0.102,0.0176,25.91
PEU-ADBLUE-10L,IT_MIL,AdBlue 10L,consumables,Milan,,South,6.7442,64090.0,0.1123,0.0811,0.0185,10,0.0009,0.0185,-0.0056,0.0009,-0.0119,0.0929,0.1074,0.0082,25.9
PEU-OIL-FILTER,CZ_PRG,Filtru ulei,maintenance,Prague,,Central,8.6689,57033.0,0.174,0.0982,0.0,12,-0.04,-0.0875,-0.0572,-0.04,-0.0746,0.3485,0.0313,-0.0376,25.84
PEU-ADBLUE-10L,PL_WAW,AdBlue 10L,consumables,Warsaw,,Central,6.5321,62075.0,0.1077,0.0905,0.0213,11,-0.0129,-0.0197,-0.0197,0.0213,0.0015,0.0876,0.1252,0.006,25.57
PEU-ADBLUE-10L,DE_BER,AdBlue 10L,consumables,Berlin,,Central,6.7592,64233.0,0.1061,0.0668,0.0241,12,0.0241,-0.0037,-0.0177,0.0241,0.0113,0.0827,0.1088,0.0125,25.16
PEU-ADBLUE-10L,EE_TLL,AdBlue 10L,consumables,Tallinn,,Nordic,7.1012,67483.0,0.0994,0.065,0.0217,11,-0.01,0.0035,-0.0057,0.0217,0.0035,0.073,0.0934,0.0043,25.14
PEU-BRAKE-FLUID-DOT4,IT_MIL,Lichid frana DOT4 1L,brakes,Milan,,South,5.1518,35777.0,0.1628,0.109,0.0215,8,0.003,0.0215,-0.028,0.003,-0.0555,0.261,0.0408,-0.0221,24.86
PEU-AIR-FILTER,DE_BER,Filtru aer motor,filters,Berlin,,Central,6.8919,75570.0,0.1058,0.0652,0.01,12,0.01,-0.0059,-0.0191,0.01,0.0037,0.0792,0.1288,0.0096,24.8
PEU-AIR-FILTER,RO_BUC,Filtru aer motor,filters,Bucharest,,East,6.42,70395.0,0.1102,0.0755,0.0129,12,0.0094,0.0102,-0.0215,0.0129,-0.0072,0.0989,0.1127,0.0097,24.61
PEU-SPARK-PLUG,ES_MAD,Bujie benzina,maintenance,Madrid,,South,5.4528,31888.0,0.191,0.1044,0.013,7,-0.0147,0.013,-0.0496,-0.0147,-0.0856,0.365,0.0383,-0.0356,24.28
PEU-ADBLUE-10L,DK_CPH,AdBlue 10L,consumables,Copenhagen,,North_Central,6.632,63024.0,0.1146,0.0705,0.0184,12,0.0184,-0.0374,-0.0114,0.0184,-0.04,0.1051,0.1112,0.0071,24.12
PEU-AIR-FILTER,FR_PAR,Filtru aer motor,filters,Paris,,West,7.2449,79440.0,0.107,0.0813,0.0,12,-0.0052,-0.0427,-0.0144,-0.0052,-0.0408,0.0974,0.1257,0.0175,23.9
PEU-SPARK-PLUG,EE_TLL,Bujie benzina,maintenance,Tallinn,,Nordic,5.9425,34752.0,0.1877,0.1232,0.0,8,-0.0262,-0.0984,-0.0303,-0.0335,-0.0984,0.3564,0.0325,-0.0292,23.83
PEU-AIR-FILTER,NL_AMS,Filtru aer motor,filters,Amsterdam,,West,6.9918,76665.0,0.1055,0.0582,0.004,12,-0.0052,0.0012,0.004,-0.0049,0.0012,0.0848,0.1193,0.0049,23.82
PEU-SPARK-PLUG,NL_AMS,Bujie benzina,maintenance,Amsterdam,,West,5.7934,33880.0,0.1852,0.1339,0.0,12,-0.0329,-0.1114,-0.0645,-0.03,-0.1114,0.3644,0.0241,-0.0451,23.53
PEU-ADBLUE-10L,NL_AMS,AdBlue 10L,consumables,Amsterdam,,West,6.8687,65273.0,0.1108,0.0727,0.0072,12,0.0067,-0.0304,-0.0074,0.0072,-0.0304,0.0965,0.1055,-0.0035,23.37
PEU-ADBLUE-10L,CZ_PRG,AdBlue 10L,consumables,Prague,,Central,6.3488,60333.0,0.1096,0.0804,0.0178,11,0.0178,-0.0175,-0.0243,0.0178,-0.0025,0.0997,0.1091,0.0129,23.16
PEU-ADBLUE-10L,ES_MAD,AdBlue 10L,consumables,Madrid,,South,6.5212,61971.0,0.1074,0.0816,0.0118,12,0.0099,0.0118,-0.0049,0.0099,-0.0232,0.0818,0.1067,-0.0017,23.08
PEU-ADBLUE-10L,FR_PAR,AdBlue 10L,consumables,Paris,,West,7.1218,67678.0,0.1067,0.0607,0.0065,10,0.0065,-0.0464,-0.0128,0.0065,-0.0418,0.0937,0.1201,0.0085,22.8
PEU-SPARK-PLUG,IT_MIL,Bujie benzina,maintenance,Milan,,South,5.6854,33248.0,0.1881,0.1022,0.0063,12,-0.011,0.0063,-0.0334,-0.011,-0.0563,0.3586,0.04,-0.0247,22.8
PEU-ADBLUE-10L,RO_BUC,AdBlue 10L,consumables,Bucharest,,East,6.2709,59592.0,0.1126,0.0711,0.0198,12,0.0198,0.0147,-0.0153,0.0172,-0.0103,0.096,0.1196,0.0098,22.41
PEU-SPARK-PLUG,FR_PAR,Bujie benzina,maintenance,Paris,,West,5.9781,34960.0,0.1827,0.0972,0.0038,7,0.0038,-0.1012,-0.0361,0.0038,-0.104,0.3535,0.0305,-0.0259,21.81
PEU-SPARK-PLUG,SE_STO,Bujie benzina,maintenance,Stockholm,,Nordic,6.0711,35504.0,0.1878,0.105,0.0,12,-0.0487,-0.0828,-0.0383,-0.0263,-0.0828,0.364,0.0356,-0.0254,21.38
PEU-SPARK-PLUG,DK_CPH,Bujie benzina,maintenance,Copenhagen,,North_Central,5.5636,32536.0,0.1889,0.1125,0.0,8,-0.0041,-0.0882,-0.0424,-0.0041,-0.089,0.3621,0.0307,-0.043,21.37
PEU-BRAKE-FLUID-DOT4,FI_HEL,Lichid frana DOT4 1L,brakes,Helsinki,,Nordic,5.7688,40061.5,0.1607,0.1147,0.0,8,-0.017,-0.0555,-0.0229,-0.0258,-0.0555,0.2611,0.0517,-0.0097,21.33
PEU-BRAKE-FLUID-DOT4,SE_STO,Lichid frana DOT4 1L,brakes,Stockholm,,Nordic,5.4911,38133.0,0.1603,0.1184,0.0,12,-0.0463,-0.0688,-0.0328,-0.0375,-0.0688,0.2504,0.084,-0.0038,21.15
PEU-BRAKE-FLUID-DOT4,FR_PAR,Lichid frana DOT4 1L,brakes,Paris,,West,5.4378,37762.5,0.1629,0.1177,0.0,12,-0.0198,-0.0573,-0.028,-0.0198,-0.0594,0.2538,0.0463,-0.0103,20.91
PEU-SPARK-PLUG,DE_BER,Bujie benzina,maintenance,Berlin,,Central,5.6607,33104.0,0.188,0.1095,0.0,8,-0.0293,-0.1217,-0.0411,-0.0293,-0.1051,0.3532,0.0542,-0.0361,20.67
PEU-SPARK-PLUG,FI_HEL,Bujie benzina,maintenance,Helsinki,,Nordic,6.3461,37112.0,0.1824,0.0992,0.0,8,-0.0157,-0.0968,-0.0288,-0.0224,-0.0968,0.3548,0.0382,-0.0305,20.57
PEU-BRAKE-FLUID-DOT4,EE_TLL,Lichid frana DOT4 1L,brakes,Tallinn,,Nordic,5.4008,37506.0,0.1585,0.0947,0.011,4,-0.0212,-0.0765,-0.0305,0.011,-0.0765,0.2427,0.0588,-0.0061,19.63
PEU-BRAKE-FLUID-DOT4,DK_CPH,Lichid frana DOT4 1L,brakes,Copenhagen,,North_Central,5.078,35264.0,0.1668,0.0981,0.0096,8,0.0096,-0.0775,-0.0184,0.0096,-0.0751,0.2555,0.0516,-0.0117,19.61
PEU-BRAKE-FLUID-DOT4,RO_BUC,Lichid frana DOT4 1L,brakes,Bucharest,,East,4.803,33354.5,0.1679,0.0907,0.0196,12,-0.0231,0.0196,-0.0426,-0.0114,-0.0919,0.2488,0.0546,-0.0141,19.47
PEU-SPARK-PLUG,CZ_PRG,Bujie benzina,maintenance,Prague,,Central,5.3434,31248.0,0.1887,0.0906,0.0061,12,0.0061,-0.0939,-0.0507,0.0061,-0.0904,0.3593,0.0261,-0.0356,19.21
PEU-AIR-FILTER,CZ_PRG,Filtru aer motor,filters,Prague,,Central,6.4378,70590.0,0.1081,0.0573,0.0,10,-0.0168,-0.045,-0.0308,-0.0168,-0.0168,0.096,0.1095,0.0049,17.92
PEU-BRAKE-FLUID-DOT4,ES_MAD,Lichid frana DOT4 1L,brakes,Madrid,,South,5.0,34722.5,0.1621,0.0978,0.0024,8,-0.0172,0.0024,-0.0478,-0.0172,-0.0516,0.248,0.0424,-0.0064,17.66
PEU-BRAKE-FLUID-DOT4,PL_WAW,Lichid frana DOT4 1L,brakes,Warsaw,,Central,4.9453,34342.5,0.1692,0.1077,0.0,7,-0.0697,-0.0648,-0.0444,-0.0408,-0.0581,0.2641,0.0439,-0.0277,17.65
PEU-BRAKE-FLUID-DOT4,CZ_PRG,Lichid frana DOT4 1L,brakes,Prague,,Central,4.8386,33601.5,0.1683,0.1076,0.0,8,-0.0011,-0.088,-0.0438,-0.0011,-0.081,0.2549,0.0518,-0.0019,17.09
PEU-BRAKE-FLUID-DOT4,NL_AMS,Lichid frana DOT4 1L,brakes,Amsterdam,,West,5.264,36556.0,0.1642,0.1014,0.0,7,-0.0262,-0.1088,-0.0541,-0.0273,-0.1088,0.2597,0.0678,-0.0185,16.96
PEU-SPARK-PLUG,PL_WAW,Bujie benzina,maintenance,Warsaw,,Central,5.4911,32112.0,0.1863,0.0976,0.0,7,-0.0442,-0.0793,-0.043,-0.0062,-0.0922,0.3513,0.0355,-0.0312,16.84
PEU-BRAKE-FLUID-DOT4,DE_BER,Lichid frana DOT4 1L,brakes,Berlin,,Central,5.1943,36071.5,0.1548,0.1002,0.0,12,-0.0303,-0.051,-0.025,-0.0303,-0.0303,0.2401,0.042,-0.0139,15.36
