sku,location_id,part_name,category,city,country_code,climate_zone,volatility_score,seasonality_score,weather_sensitivity_score,business_impact_score,peak_month,primary_trigger,primary_trigger_label,primary_trigger_uplift_percent,best_window_days,best_window_wape_percent,sensitivity_segment,profile_summary
PEU-WF-WINTER-5L,DK_CPH,Lichid parbriz iarna -20C 5L,winter_fluids,Copenhagen,,North_Central,0.6631,1.6564,0.9085,74.05,12,weather_spike_flag,weather spike,90.8,7,12.9837,seasonal_outlier,"Copenhagen / Lichid parbriz iarna -20C 5L: peak month 12, trigger weather spike (+90.8%), recommended window 7 zile."
PEU-WF-WINTER-5L,NL_AMS,Lichid parbriz iarna -20C 5L,winter_fluids,Amsterdam,,West,0.6941,1.887,0.6303,68.68,12,cold_snap_flag,cold snap,63.0,7,12.9837,seasonal_outlier,"Amsterdam / Lichid parbriz iarna -20C 5L: peak month 12, trigger cold snap (+63.0%), recommended window 7 zile."
PEU-WF-WINTER-5L,FR_PAR,Lichid parbriz iarna -20C 5L,winter_fluids,Paris,,West,0.6907,1.8736,0.5953,68.29,12,cold_snap_flag,cold snap,59.5,7,12.9837,seasonal_outlier,"Paris / Lichid parbriz iarna -20C 5L: peak month 12, trigger cold snap (+59.5%), recommended window 7 zile."
PEU-WF-WINTER-5L,ES_MAD,Lichid parbriz iarna -20C 5L,winter_fluids,Madrid,,South,0.6933,1.8811,0.6217,67.66,12,cold_snap_flag,cold snap,62.2,7,12.9837,seasonal_outlier,"Madrid / Lichid parbriz iarna -20C 5L: peak month 12, trigger cold snap (+62.2%), recommended window 7 zile."
PEU-WF-WINTER-5L,IT_MIL,Lichid parbriz iarna -20C 5L,winter_fluids,Milan,,South,0.6911,1.8699,0.605,67.45,12,cold_snap_flag,cold snap,60.5,7,12.9837,seasonal_outlier,"Milan / Lichid parbriz iarna -20C 5L: peak month 12, trigger cold snap (+60.5%), recommended window 7 zile."
PEU-SUMMER-TIRE-205,FI_HEL,Anvelopa vara 205/55R16,tires,Helsinki,,Nordic,0.8575,2.6909,0.0,64.02,4,service_campaign_flag,service campaign,63.1,7,15.7962,seasonal_outlier,"Helsinki / Anvelopa vara 205/55R16: peak month 4, trigger service campaign (+63.1%), recommended window 7 zile."
PEU-SUMMER-TIRE-205,EE_TLL,Anvelopa vara 205/55R16,tires,Tallinn,,Nordic,0.8627,2.6972,0.0,63.14,4,service_campaign_flag,service campaign,62.9,7,15.7962,seasonal_outlier,"Tallinn / Anvelopa vara 205/55R16: peak month 4, trigger service campaign (+62.9%), recommended window 7 zile."
PEU-SUMMER-TIRE-205,SE_STO,Anvelopa vara 205/55R16,tires,Stockholm,,Nordic,0.8521,2.6566,0.0,62.33,4,service_campaign_flag,service campaign,62.9,7,15.7962,seasonal_outlier,"Stockholm / Anvelopa vara 205/55R16: peak month 4, trigger service campaign (+62.9%), recommended window 7 zile."
PEU-SUMMER-TIRE-205,FR_PAR,Anvelopa vara 205/55R16,tires,Paris,,West,0.8512,2.6472,0.0,61.3,4,service_campaign_flag,service campaign,62.4,7,15.7962,seasonal_outlier,"Paris / Anvelopa vara 205/55R16: peak month 4, trigger service campaign (+62.4%), recommended window 7 zile."
PEU-SUMMER-TIRE-205,DE_BER,Anvelopa vara 205/55R16,tires,Berlin,,Central,0.8576,2.6673,0.0,61.12,4,service_campaign_flag,service campaign,61.9,7,15.7962,seasonal_outlier,"Berlin / Anvelopa vara 205/55R16: peak month 4, trigger service campaign (+61.9%), recommended window 7 zile."
PEU-SUMMER-TIRE-205,NL_AMS,Anvelopa vara 205/55R16,tires,Amsterdam,,West,0.8493,2.6295,0.0,60.22,4,service_campaign_flag,service campaign,60.4,7,15.7962,seasonal_outlier,"Amsterdam / Anvelopa vara 205/55R16: peak month 4, trigger service campaign (+60.4%), recommended window 7 zile."
PEU-SUMMER-TIRE-205,IT_MIL,Anvelopa vara 205/55R16,tires,Milan,,South,0.8491,2.6529,0.0,60.17,4,service_campaign_flag,service campaign,64.2,7,15.7962,seasonal_outlier,"Milan / Anvelopa vara 205/55R16: peak month 4, trigger service campaign (+64.2%), recommended window 7 zile."
PEU-SUMMER-TIRE-205,ES_MAD,Anvelopa vara 205/55R16,tires,Madrid,,South,0.8513,2.6813,0.0,60.13,4,service_campaign_flag,service campaign,62.0,7,15.7962,seasonal_outlier,"Madrid / Anvelopa vara 205/55R16: peak month 4, trigger service campaign (+62.0%), recommended window 7 zile."
PEU-SUMMER-TIRE-205,DK_CPH,Anvelopa vara 205/55R16,tires,Copenhagen,,North_Central,0.8535,2.6501,0.0,59.83,4,service_campaign_flag,service campaign,61.4,7,15.7962,seasonal_outlier,"Copenhagen / Anvelopa vara 205/55R16: peak month 4, trigger service campaign (+61.4%), recommended window 7 zile."
PEU-SUMMER-TIRE-205,CZ_PRG,Anvelopa vara 205/55R16,tires,Prague,,Central,0.8603,2.6855,0.0,59.73,4,service_campaign_flag,service campaign,66.1,7,15.7962,seasonal_outlier,"Prague / Anvelopa vara 205/55R16: peak month 4, trigger service campaign (+66.1%), recommended window 7 zile."
PEU-SUMMER-TIRE-205,PL_WAW,Anvelopa vara 205/55R16,tires,Warsaw,,Central,0.8512,2.6584,0.0,59.35,4,service_campaign_flag,service campaign,61.9,7,15.7962,seasonal_outlier,"Warsaw / Anvelopa vara 205/55R16: peak month 4, trigger service campaign (+61.9%), recommended window 7 zile."
PEU-SUMMER-TIRE-205,RO_BUC,Anvelopa vara 205/55R16,tires,Bucharest,,East,0.8566,2.6683,0.0,58.78,4,service_campaign_flag,service campaign,62.2,7,15.7962,seasonal_outlier,"Bucharest / Anvelopa vara 205/55R16: peak month 4, trigger service campaign (+62.2%), recommended window 7 zile."
PEU-WIPER-650,FI_HEL,Stergatoare fata 650mm,wipers,Helsinki,,Nordic,0.3254,0.9643,0.427,70.05,11,weather_spike_flag,weather spike,42.7,7,10.2502,stable_monitor,"Helsinki / Stergatoare fata 650mm: peak month 11, trigger weather spike (+42.7%), recommended window 7 zile."
PEU-CABIN-CARBON,FI_HEL,Filtru habitaclu cu carbon,filters,Helsinki,,Nordic,0.4174,1.1753,0.2469,67.73,4,heatwave_flag,heatwave,24.7,7,9.9763,stable_monitor,"Helsinki / Filtru habitaclu cu carbon: peak month 4, trigger heatwave (+24.7%), recommended window 7 zile."
PEU-CABIN-CARBON,EE_TLL,Filtru habitaclu cu carbon,filters,Tallinn,,Nordic,0.4193,1.1865,0.2439,67.41,4,heatwave_flag,heatwave,24.4,7,9.9763,stable_monitor,"Tallinn / Filtru habitaclu cu carbon: peak month 4, trigger heatwave (+24.4%), recommended window 7 zile."
PEU-CABIN-CARBON,FR_PAR,Filtru habitaclu cu carbon,filters,Paris,,West,0.4203,1.1695,0.2447,67.31,4,heatwave_flag,heatwave,24.5,7,9.9763,stable_monitor,"Paris / Filtru habitaclu cu carbon: peak month 4, trigger heatwave (+24.5%), recommended window 7 zile."
PEU-CABIN-CARBON,SE_STO,Filtru habitaclu cu carbon,filters,Stockholm,,Nordic,0.4179,1.1833,0.227,67.27,4,heatwave_flag,heatwave,22.7,7,9.9763,stable_monitor,"Stockholm / Filtru habitaclu cu carbon: peak month 4, trigger heatwave (+22.7%), recommended window 7 zile."
PEU-CABIN-CARBON,ES_MAD,Filtru habitaclu cu carbon,filters,Madrid,,South,0.4291,1.1253,0.2813,67.08,5,heatwave_flag,heatwave,28.1,7,9.9763,stable_monitor,"Madrid / Filtru habitaclu cu carbon: peak month 5, trigger heatwave (+28.1%), recommended window 7 zile."
PEU-BATT-70AH,FI_HEL,Baterie 70Ah AGM/EFB,battery,Helsinki,,Nordic,0.2762,0.551,0.6267,66.53,12,cold_snap_flag,cold snap,62.7,28,13.7461,stable_monitor,"Helsinki / Baterie 70Ah AGM/EFB: peak month 12, trigger cold snap (+62.7%), recommended window 28 zile."
PEU-WIPER-650,EE_TLL,Stergatoare fata 650mm,wipers,Tallinn,,Nordic,0.3194,0.9531,0.402,66.5,11,weather_spike_flag,weather spike,40.2,7,10.2502,stable_monitor,"Tallinn / Stergatoare fata 650mm: peak month 11, trigger weather spike (+40.2%), recommended window 7 zile."
PEU-WIPER-650,SE_STO,Stergatoare fata 650mm,wipers,Stockholm,,Nordic,0.3044,0.8916,0.365,65.86,11,weather_spike_flag,weather spike,36.5,7,10.2502,stable_monitor,"Stockholm / Stergatoare fata 650mm: peak month 11, trigger weather spike (+36.5%), recommended window 7 zile."
PEU-CABIN-CARBON,NL_AMS,Filtru habitaclu cu carbon,filters,Amsterdam,,West,0.4185,1.1787,0.2285,65.79,4,heatwave_flag,heatwave,22.8,7,9.9763,stable_monitor,"Amsterdam / Filtru habitaclu cu carbon: peak month 4, trigger heatwave (+22.8%), recommended window 7 zile."
PEU-CABIN-CARBON,DK_CPH,Filtru habitaclu cu carbon,filters,Copenhagen,,North_Central,0.4188,1.1771,0.2572,65.67,4,heatwave_flag,heatwave,25.7,7,9.9763,stable_monitor,"Copenhagen / Filtru habitaclu cu carbon: peak month 4, trigger heatwave (+25.7%), recommended window 7 zile."
PEU-CABIN-CARBON,DE_BER,Filtru habitaclu cu carbon,filters,Berlin,,Central,0.4186,1.1901,0.2239,65.5,4,temperature_rise_flag,temperature rise,22.4,7,9.9763,stable_monitor,"Berlin / Filtru habitaclu cu carbon: peak month 4, trigger temperature rise (+22.4%), recommended window 7 zile."
PEU-BATT-70AH,EE_TLL,Baterie 70Ah AGM/EFB,battery,Tallinn,,Nordic,0.2715,0.5762,0.6051,65.37,12,cold_snap_flag,cold snap,60.5,28,13.7461,stable_monitor,"Tallinn / Baterie 70Ah AGM/EFB: peak month 12, trigger cold snap (+60.5%), recommended window 28 zile."
PEU-CABIN-CARBON,PL_WAW,Filtru habitaclu cu carbon,filters,Warsaw,,Central,0.42,1.1844,0.2336,65.14,4,temperature_rise_flag,temperature rise,23.4,7,9.9763,stable_monitor,"Warsaw / Filtru habitaclu cu carbon: peak month 4, trigger temperature rise (+23.4%), recommended window 7 zile."
PEU-BATT-70AH,SE_STO,Baterie 70Ah AGM/EFB,battery,Stockholm,,Nordic,0.2584,0.4828,0.5933,64.54,1,temperature_drop_flag,temperature drop,59.3,28,13.7461,stable_monitor,"Stockholm / Baterie 70Ah AGM/EFB: peak month 1, trigger temperature drop (+59.3%), recommended window 28 zile."
PEU-CABIN-CARBON,IT_MIL,Filtru habitaclu cu carbon,filters,Milan,,South,0.409,1.1276,0.1619,63.36,4,promotion_flag,promotion,17.7,7,9.9763,stable_monitor,"Milan / Filtru habitaclu cu carbon: peak month 4, trigger promotion (+17.7%), recommended window 7 zile."
PEU-CABIN-CARBON,CZ_PRG,Filtru habitaclu cu carbon,filters,Prague,,Central,0.4171,1.1759,0.2319,63.01,4,temperature_rise_flag,temperature rise,23.2,7,9.9763,stable_monitor,"Prague / Filtru habitaclu cu carbon: peak month 4, trigger temperature rise (+23.2%), recommended window 7 zile."
PEU-BATT-70AH,NL_AMS,Baterie 70Ah AGM/EFB,battery,Amsterdam,,West,0.2066,0.1669,0.8869,62.89,10,cold_snap_flag,cold snap,88.7,28,13.7461,stable_monitor,"Amsterdam / Baterie 70Ah AGM/EFB: peak month 10, trigger cold snap (+88.7%), recommended window 28 zile."
PEU-BATT-70AH,FR_PAR,Baterie 70Ah AGM/EFB,battery,Paris,,West,0.2042,0.1641,0.8754,62.73,10,cold_snap_flag,cold snap,87.5,28,13.7461,stable_monitor,"Paris / Baterie 70Ah AGM/EFB: peak month 10, trigger cold snap (+87.5%), recommended window 28 zile."
PEU-BATT-70AH,PL_WAW,Baterie 70Ah AGM/EFB,battery,Warsaw,,Central,0.2295,0.1753,0.8806,62.29,1,temperature_drop_flag,temperature drop,88.1,28,13.7461,stable_monitor,"Warsaw / Baterie 70Ah AGM/EFB: peak month 1, trigger temperature drop (+88.1%), recommended window 28 zile."
PEU-BATT-70AH,CZ_PRG,Baterie 70Ah AGM/EFB,battery,Prague,,Central,0.2117,0.1952,0.8947,62.16,11,cold_snap_flag,cold snap,89.5,28,13.7461,stable_monitor,"Prague / Baterie 70Ah AGM/EFB: peak month 11, trigger cold snap (+89.5%), recommended window 28 zile."
PEU-COOLANT-PREMIX,FI_HEL,Lichid racire premix 5L,coolant,Helsinki,,Nordic,0.3131,0.8871,0.3462,61.9,11,temperature_drop_flag,temperature drop,34.6,7,10.5586,stable_monitor,"Helsinki / Lichid racire premix 5L: peak month 11, trigger temperature drop (+34.6%), recommended window 7 zile."
PEU-RUBBER-MATS,IT_MIL,Covorase cauciuc Peugeot,accessories,Milan,,South,0.4345,1.174,0.339,61.83,11,promotion_flag,promotion,44.4,7,12.837,stable_monitor,"Milan / Covorase cauciuc Peugeot: peak month 11, trigger promotion (+44.4%), recommended window 7 zile."
PEU-RUBBER-MATS,FI_HEL,Covorase cauciuc Peugeot,accessories,Helsinki,,Nordic,0.4214,1.1346,0.3254,61.78,11,promotion_flag,promotion,41.8,7,12.837,stable_monitor,"Helsinki / Covorase cauciuc Peugeot: peak month 11, trigger promotion (+41.8%), recommended window 7 zile."
PEU-RUBBER-MATS,NL_AMS,Covorase cauciuc Peugeot,accessories,Amsterdam,,West,0.4336,1.1768,0.3229,61.78,11,promotion_flag,promotion,45.4,7,12.837,stable_monitor,"Amsterdam / Covorase cauciuc Peugeot: peak month 11, trigger promotion (+45.4%), recommended window 7 zile."
PEU-BATT-70AH,IT_MIL,Baterie 70Ah AGM/EFB,battery,Milan,,South,0.1989,0.1792,0.8531,61.74,10,cold_snap_flag,cold snap,85.3,28,13.7461,stable_monitor,"Milan / Baterie 70Ah AGM/EFB: peak month 10, trigger cold snap (+85.3%), recommended window 28 zile."
PEU-BATT-70AH,DE_BER,Baterie 70Ah AGM/EFB,battery,Berlin,,Central,0.1999,0.1564,0.8636,61.67,10,cold_snap_flag,cold snap,86.4,28,13.7461,stable_monitor,"Berlin / Baterie 70Ah AGM/EFB: peak month 10, trigger cold snap (+86.4%), recommended window 28 zile."
PEU-BATT-70AH,DK_CPH,Baterie 70Ah AGM/EFB,battery,Copenhagen,,North_Central,0.2078,0.1562,0.8785,61.6,11,cold_snap_flag,cold snap,87.8,28,13.7461,stable_monitor,"Copenhagen / Baterie 70Ah AGM/EFB: peak month 11, trigger cold snap (+87.8%), recommended window 28 zile."
PEU-RUBBER-MATS,FR_PAR,Covorase cauciuc Peugeot,accessories,Paris,,West,0.4342,1.1692,0.3217,61.53,11,promotion_flag,promotion,43.1,7,12.837,stable_monitor,"Paris / Covorase cauciuc Peugeot: peak month 11, trigger promotion (+43.1%), recommended window 7 zile."
PEU-BATT-70AH,ES_MAD,Baterie 70Ah AGM/EFB,battery,Madrid,,South,0.2117,0.1402,0.8857,61.15,7,cold_snap_flag,cold snap,88.6,28,13.7461,stable_monitor,"Madrid / Baterie 70Ah AGM/EFB: peak month 7, trigger cold snap (+88.6%), recommended window 28 zile."
PEU-CABIN-CARBON,RO_BUC,Filtru habitaclu cu carbon,filters,Bucharest,,East,0.404,1.1368,0.1604,60.88,4,temperature_rise_flag,temperature rise,16.0,7,9.9763,stable_monitor,"Bucharest / Filtru habitaclu cu carbon: peak month 4, trigger temperature rise (+16.0%), recommended window 7 zile."
PEU-RUBBER-MATS,RO_BUC,Covorase cauciuc Peugeot,accessories,Bucharest,,East,0.4355,1.1901,0.3297,60.82,11,promotion_flag,promotion,47.5,7,12.837,stable_monitor,"Bucharest / Covorase cauciuc Peugeot: peak month 11, trigger promotion (+47.5%), recommended window 7 zile."
PEU-BATT-70AH,RO_BUC,Baterie 70Ah AGM/EFB,battery,Bucharest,,East,0.2148,0.1529,0.8645,60.6,10,cold_snap_flag,cold snap,86.4,28,13.7461,stable_monitor,"Bucharest / Baterie 70Ah AGM/EFB: peak month 10, trigger cold snap (+86.4%), recommended window 28 zile."
PEU-RUBBER-MATS,SE_STO,Covorase cauciuc Peugeot,accessories,Stockholm,,Nordic,0.4275,1.1673,0.2612,60.37,11,promotion_flag,promotion,42.3,7,12.837,stable_monitor,"Stockholm / Covorase cauciuc Peugeot: peak month 11, trigger promotion (+42.3%), recommended window 7 zile."
PEU-RUBBER-MATS,CZ_PRG,Covorase cauciuc Peugeot,accessories,Prague,,Central,0.4339,1.204,0.2936,60.19,11,promotion_flag,promotion,46.1,7,12.837,stable_monitor,"Prague / Covorase cauciuc Peugeot: peak month 11, trigger promotion (+46.1%), recommended window 7 zile."
PEU-RUBBER-MATS,EE_TLL,Covorase cauciuc Peugeot,accessories,Tallinn,,Nordic,0.4323,1.1583,0.2679,60.02,11,promotion_flag,promotion,40.0,7,12.837,stable_monitor,"Tallinn / Covorase cauciuc Peugeot: peak month 11, trigger promotion (+40.0%), recommended window 7 zile."
PEU-RUBBER-MATS,DK_CPH,Covorase cauciuc Peugeot,accessories,Copenhagen,,North_Central,0.435,1.1605,0.3021,59.75,11,promotion_flag,promotion,42.5,7,12.837,stable_monitor,"Copenhagen / Covorase cauciuc Peugeot: peak month 11, trigger promotion (+42.5%), recommended window 7 zile."
PEU-RUBBER-MATS,PL_WAW,Covorase cauciuc Peugeot,accessories,Warsaw,,Central,0.4329,1.1762,0.2892,59.49,11,promotion_flag,promotion,45.3,7,12.837,stable_monitor,"Warsaw / Covorase cauciuc Peugeot: peak month 11, trigger promotion (+45.3%), recommended window 7 zile."
PEU-COOLANT-PREMIX,EE_TLL,Lichid racire premix 5L,coolant,Tallinn,,Nordic,0.3173,0.8516,0.3634,59.19,11,weather_spike_flag,weather spike,36.3,7,10.5586,stable_monitor,"Tallinn / Lichid racire premix 5L: peak month 11, trigger weather spike (+36.3%), recommended window 7 zile."
PEU-RUBBER-MATS,ES_MAD,Covorase cauciuc Peugeot,accessories,Madrid,,South,0.4283,1.1859,0.2692,59.17,11,promotion_flag,promotion,43.3,7,12.837,stable_monitor,"Madrid / Covorase cauciuc Peugeot: peak month 11, trigger promotion (+43.3%), recommended window 7 zile."
PEU-RUBBER-MATS,DE_BER,Covorase cauciuc Peugeot,accessories,Berlin,,Central,0.4294,1.1448,0.274,58.82,11,promotion_flag,promotion,41.2,7,12.837,stable_monitor,"Berlin / Covorase cauciuc Peugeot: peak month 11, trigger promotion (+41.2%), recommended window 7 zile."
PEU-COOLANT-PREMIX,FR_PAR,Lichid racire premix 5L,coolant,Paris,,West,0.2971,0.8783,0.4067,58.61,11,cold_snap_flag,cold snap,40.7,7,10.5586,stable_monitor,"Paris / Lichid racire premix 5L: peak month 11, trigger cold snap (+40.7%), recommended window 7 zile."
PEU-COOLANT-PREMIX,IT_MIL,Lichid racire premix 5L,coolant,Milan,,South,0.3009,0.8335,0.4622,58.24,11,cold_snap_flag,cold snap,46.2,7,10.5586,stable_monitor,"Milan / Lichid racire premix 5L: peak month 11, trigger cold snap (+46.2%), recommended window 7 zile."
PEU-COOLANT-PREMIX,SE_STO,Lichid racire premix 5L,coolant,Stockholm,,Nordic,0.3046,0.8308,0.3336,57.8,11,heatwave_flag,heatwave,33.4,7,10.5586,stable_monitor,"Stockholm / Lichid racire premix 5L: peak month 11, trigger heatwave (+33.4%), recommended window 7 zile."
PEU-COOLANT-PREMIX,DK_CPH,Lichid racire premix 5L,coolant,Copenhagen,,North_Central,0.2934,0.8788,0.4279,57.11,11,cold_snap_flag,cold snap,42.8,7,10.5586,stable_monitor,"Copenhagen / Lichid racire premix 5L: peak month 11, trigger cold snap (+42.8%), recommended window 7 zile."
PEU-COOLANT-PREMIX,NL_AMS,Lichid racire premix 5L,coolant,Amsterdam,,West,0.2933,0.8586,0.4114,56.83,11,cold_snap_flag,cold snap,41.1,7,10.5586,stable_monitor,"Amsterdam / Lichid racire premix 5L: peak month 11, trigger cold snap (+41.1%), recommended window 7 zile."
PEU-COOLANT-PREMIX,DE_BER,Lichid racire premix 5L,coolant,Berlin,,Central,0.2998,0.8937,0.3957,56.74,11,cold_snap_flag,cold snap,39.6,7,10.5586,stable_monitor,"Berlin / Lichid racire premix 5L: peak month 11, trigger cold snap (+39.6%), recommended window 7 zile."
PEU-ANTIFREEZE-G12,FI_HEL,Antigel G12 concentrat 1L,coolant,Helsinki,,Nordic,0.3133,0.8894,0.3401,56.67,11,temperature_drop_flag,temperature drop,34.0,7,10.5586,stable_monitor,"Helsinki / Antigel G12 concentrat 1L: peak month 11, trigger temperature drop (+34.0%), recommended window 7 zile."
PEU-WIPER-650,FR_PAR,Stergatoare fata 650mm,wipers,Paris,,West,0.2733,0.766,0.2313,55.81,11,service_campaign_flag,service campaign,36.4,7,10.2502,stable_monitor,"Paris / Stergatoare fata 650mm: peak month 11, trigger service campaign (+36.4%), recommended window 7 zile."
PEU-ANTIFREEZE-G12,NL_AMS,Antigel G12 concentrat 1L,coolant,Amsterdam,,West,0.2949,0.8704,0.4247,55.21,11,cold_snap_flag,cold snap,42.5,7,10.5586,stable_monitor,"Amsterdam / Antigel G12 concentrat 1L: peak month 11, trigger cold snap (+42.5%), recommended window 7 zile."
PEU-COOLANT-PREMIX,RO_BUC,Lichid racire premix 5L,coolant,Bucharest,,East,0.298,0.8392,0.4434,55.16,11,cold_snap_flag,cold snap,44.3,7,10.5586,stable_monitor,"Bucharest / Lichid racire premix 5L: peak month 11, trigger cold snap (+44.3%), recommended window 7 zile."
PEU-ANTIFREEZE-G12,SE_STO,Antigel G12 concentrat 1L,coolant,Stockholm,,Nordic,0.3075,0.8527,0.3493,55.14,11,temperature_drop_flag,temperature drop,34.9,7,10.5586,stable_monitor,"Stockholm / Antigel G12 concentrat 1L: peak month 11, trigger temperature drop (+34.9%), recommended window 7 zile."
PEU-COOLANT-PREMIX,ES_MAD,Lichid racire premix 5L,coolant,Madrid,,South,0.2852,0.802,0.4207,55.02,11,cold_snap_flag,cold snap,42.1,7,10.5586,stable_monitor,"Madrid / Lichid racire premix 5L: peak month 11, trigger cold snap (+42.1%), recommended window 7 zile."
PEU-ANTIFREEZE-G12,EE_TLL,Antigel G12 concentrat 1L,coolant,Tallinn,,Nordic,0.3129,0.8526,0.3546,54.91,11,weather_spike_flag,weather spike,35.5,7,10.5586,stable_monitor,"Tallinn / Antigel G12 concentrat 1L: peak month 11, trigger weather spike (+35.5%), recommended window 7 zile."
PEU-ANTIFREEZE-G12,IT_MIL,Antigel G12 concentrat 1L,coolant,Milan,,South,0.3017,0.8237,0.4532,54.86,11,cold_snap_flag,cold snap,45.3,7,10.5586,stable_monitor,"Milan / Antigel G12 concentrat 1L: peak month 11, trigger cold snap (+45.3%), recommended window 7 zile."
PEU-COOLANT-PREMIX,PL_WAW,Lichid racire premix 5L,coolant,Warsaw,,Central,0.2942,0.8455,0.4127,54.72,11,temperature_drop_flag,temperature drop,41.3,7,10.5586,stable_monitor,"Warsaw / Lichid racire premix 5L: peak month 11, trigger temperature drop (+41.3%), recommended window 7 zile."
PEU-WIPER-650,NL_AMS,Stergatoare fata 650mm,wipers,Amsterdam,,West,0.2693,0.7504,0.2257,54.14,11,service_campaign_flag,service campaign,35.2,7,10.2502,stable_monitor,"Amsterdam / Stergatoare fata 650mm: peak month 11, trigger service campaign (+35.2%), recommended window 7 zile."
PEU-ANTIFREEZE-G12,FR_PAR,Antigel G12 concentrat 1L,coolant,Paris,,West,0.2918,0.8511,0.4052,54.0,11,cold_snap_flag,cold snap,40.5,7,10.5586,stable_monitor,"Paris / Antigel G12 concentrat 1L: peak month 11, trigger cold snap (+40.5%), recommended window 7 zile."
PEU-COOLANT-PREMIX,CZ_PRG,Lichid racire premix 5L,coolant,Prague,,Central,0.2911,0.8491,0.4202,53.66,11,cold_snap_flag,cold snap,42.0,7,10.5586,stable_monitor,"Prague / Lichid racire premix 5L: peak month 11, trigger cold snap (+42.0%), recommended window 7 zile."
PEU-WIPER-650,ES_MAD,Stergatoare fata 650mm,wipers,Madrid,,South,0.2708,0.7435,0.2362,53.12,11,service_campaign_flag,service campaign,37.4,7,10.2502,stable_monitor,"Madrid / Stergatoare fata 650mm: peak month 11, trigger service campaign (+37.4%), recommended window 7 zile."
PEU-ANTIFREEZE-G12,DK_CPH,Antigel G12 concentrat 1L,coolant,Copenhagen,,North_Central,0.2926,0.8675,0.4022,52.82,11,cold_snap_flag,cold snap,40.2,7,10.5586,stable_monitor,"Copenhagen / Antigel G12 concentrat 1L: peak month 11, trigger cold snap (+40.2%), recommended window 7 zile."
PEU-ANTIFREEZE-G12,DE_BER,Antigel G12 concentrat 1L,coolant,Berlin,,Central,0.2907,0.8499,0.4123,52.66,11,cold_snap_flag,cold snap,41.2,7,10.5586,stable_monitor,"Berlin / Antigel G12 concentrat 1L: peak month 11, trigger cold snap (+41.2%), recommended window 7 zile."
PEU-WIPER-650,IT_MIL,Stergatoare fata 650mm,wipers,Milan,,South,0.2664,0.7327,0.195,52.59,11,service_campaign_flag,service campaign,37.0,7,10.2502,stable_monitor,"Milan / Stergatoare fata 650mm: peak month 11, trigger service campaign (+37.0%), recommended window 7 zile."
PEU-ANTIFREEZE-G12,RO_BUC,Antigel G12 concentrat 1L,coolant,Bucharest,,East,0.2966,0.8232,0.4573,52.43,11,cold_snap_flag,cold snap,45.7,7,10.5586,stable_monitor,"Bucharest / Antigel G12 concentrat 1L: peak month 11, trigger cold snap (+45.7%), recommended window 7 zile."
PEU-ANTIFREEZE-G12,ES_MAD,Antigel G12 concentrat 1L,coolant,Madrid,,South,0.2841,0.7992,0.4254,52.31,11,cold_snap_flag,cold snap,42.5,7,10.5586,stable_monitor,"Madrid / Antigel G12 concentrat 1L: peak month 11, trigger cold snap (+42.5%), recommended window 7 zile."
PEU-WIPER-650,PL_WAW,Stergatoare fata 650mm,wipers,Warsaw,,Central,0.2645,0.6673,0.1653,52.27,11,service_campaign_flag,service campaign,25.8,7,10.2502,stable_monitor,"Warsaw / Stergatoare fata 650mm: peak month 11, trigger service campaign (+25.8%), recommended window 7 zile."
PEU-WIPER-650,DE_BER,Stergatoare fata 650mm,wipers,Berlin,,Central,0.2581,0.6839,0.1331,52.13,11,service_campaign_flag,service campaign,27.7,7,10.2502,stable_monitor,"Berlin / Stergatoare fata 650mm: peak month 11, trigger service campaign (+27.7%), recommended window 7 zile."
PEU-WIPER-650,RO_BUC,Stergatoare fata 650mm,wipers,Bucharest,,East,0.272,0.7024,0.1618,51.48,11,service_campaign_flag,service campaign,28.9,7,10.2502,stable_monitor,"Bucharest / Stergatoare fata 650mm: peak month 11, trigger service campaign (+28.9%), recommended window 7 zile."
PEU-WIPER-650,DK_CPH,Stergatoare fata 650mm,wipers,Copenhagen,,North_Central,0.2566,0.7025,0.138,51.32,11,service_campaign_flag,service campaign,31.6,7,10.2502,stable_monitor,"Copenhagen / Stergatoare fata 650mm: peak month 11, trigger service campaign (+31.6%), recommended window 7 zile."
PEU-ANTIFREEZE-G12,CZ_PRG,Antigel G12 concentrat 1L,coolant,Prague,,Central,0.2928,0.8596,0.401,51.27,11,cold_snap_flag,cold snap,40.1,7,10.5586,stable_monitor,"Prague / Antigel G12 concentrat 1L: peak month 11, trigger cold snap (+40.1%), recommended window 7 zile."
PEU-OIL-5W30-5L,RO_BUC,Ulei motor 5W30 5L,maintenance,Bucharest,,East,0.1806,0.1196,0.0224,51.27,12,is_payday_window,payday window,36.0,7,13.7828,stable_monitor,"Bucharest / Ulei motor 5W30 5L: peak month 12, trigger payday window (+36.0%), recommended window 7 zile."
PEU-WIPER-650,CZ_PRG,Stergatoare fata 650mm,wipers,Prague,,Central,0.2669,0.6792,0.1437,50.88,11,service_campaign_flag,service campaign,26.9,7,10.2502,stable_monitor,"Prague / Stergatoare fata 650mm: peak month 11, trigger service campaign (+26.9%), recommended window 7 zile."
PEU-OIL-5W30-5L,IT_MIL,Ulei motor 5W30 5L,maintenance,Milan,,South,0.1754,0.1127,0.0209,50.86,12,is_payday_window,payday window,35.5,7,13.7828,stable_monitor,"Milan / Ulei motor 5W30 5L: peak month 12, trigger payday window (+35.5%), recommended window 7 zile."
PEU-ANTIFREEZE-G12,PL_WAW,Antigel G12 concentrat 1L,coolant,Warsaw,,Central,0.2893,0.8383,0.3982,50.62,11,temperature_drop_flag,temperature drop,39.8,7,10.5586,stable_monitor,"Warsaw / Antigel G12 concentrat 1L: peak month 11, trigger temperature drop (+39.8%), recommended window 7 zile."
PEU-OIL-5W30-5L,FR_PAR,Ulei motor 5W30 5L,maintenance,Paris,,West,0.1757,0.1195,0.0,46.24,12,is_payday_window,payday window,35.2,7,13.7828,stable_monitor,"Paris / Ulei motor 5W30 5L: peak month 12, trigger payday window (+35.2%), recommended window 7 zile."
PEU-OIL-5W30-5L,FI_HEL,Ulei motor 5W30 5L,maintenance,Helsinki,,Nordic,0.1736,0.1182,0.0,46.19,12,is_payday_window,payday window,34.8,7,13.7828,stable_monitor,"Helsinki / Ulei motor 5W30 5L: peak month 12, trigger payday window (+34.8%), recommended window 7 zile."
PEU-OIL-5W30-5L,ES_MAD,Ulei motor 5W30 5L,maintenance,Madrid,,South,0.1739,0.1058,0.0074,45.37,8,is_payday_window,payday window,34.3,7,13.7828,stable_monitor,"Madrid / Ulei motor 5W30 5L: peak month 8, trigger payday window (+34.3%), recommended window 7 zile."
PEU-OIL-5W30-5L,NL_AMS,Ulei motor 5W30 5L,maintenance,Amsterdam,,West,0.1768,0.1125,0.0,45.03,12,is_payday_window,payday window,35.2,7,13.7828,stable_monitor,"Amsterdam / Ulei motor 5W30 5L: peak month 12, trigger payday window (+35.2%), recommended window 7 zile."
PEU-OIL-5W30-5L,DE_BER,Ulei motor 5W30 5L,maintenance,Berlin,,Central,0.1786,0.1107,0.0,44.18,7,is_payday_window,payday window,35.6,7,13.7828,stable_monitor,"Berlin / Ulei motor 5W30 5L: peak month 7, trigger payday window (+35.6%), recommended window 7 zile."
PEU-OIL-5W30-5L,SE_STO,Ulei motor 5W30 5L,maintenance,Stockholm,,Nordic,0.1743,0.1006,0.0,42.58,12,is_payday_window,payday window,34.6,7,13.7828,stable_monitor,"Stockholm / Ulei motor 5W30 5L: peak month 12, trigger payday window (+34.6%), recommended window 7 zile."
PEU-OIL-5W30-5L,CZ_PRG,Ulei motor 5W30 5L,maintenance,Prague,,Central,0.1803,0.1095,0.0,42.52,8,is_payday_window,payday window,35.7,7,13.7828,stable_monitor,"Prague / Ulei motor 5W30 5L: peak month 8, trigger payday window (+35.7%), recommended window 7 zile."
PEU-OIL-5W30-5L,EE_TLL,Ulei motor 5W30 5L,maintenance,Tallinn,,Nordic,0.1784,0.1001,0.0,42.41,8,is_payday_window,payday window,36.2,7,13.7828,stable_monitor,"Tallinn / Ulei motor 5W30 5L: peak month 8, trigger payday window (+36.2%), recommended window 7 zile."
PEU-OIL-5W30-5L,PL_WAW,Ulei motor 5W30 5L,maintenance,Warsaw,,Central,0.1811,0.1039,0.0,42.0,12,is_payday_window,payday window,35.9,7,13.7828,stable_monitor,"Warsaw / Ulei motor 5W30 5L: peak month 12, trigger payday window (+35.9%), recommended window 7 zile."
PEU-HEADLIGHT-H7,FI_HEL,Bec far H7,lighting,Helsinki,,Nordic,0.2438,0.6264,0.2851,41.86,11,weather_spike_flag,weather spike,28.5,7,9.3279,stable_monitor,"Helsinki / Bec far H7: peak month 11, trigger weather spike (+28.5%), recommended window 7 zile."
PEU-BRAKE-PADS-F,DE_BER,Placute frana fata,brakes,Berlin,,Central,0.1595,0.1132,0.0142,41.48,8,is_payday_window,payday window,24.6,7,12.5429,stable_monitor,"Berlin / Placute frana fata: peak month 8, trigger payday window (+24.6%), recommended window 7 zile."
PEU-HEADLIGHT-H7,EE_TLL,Bec far H7,lighting,Tallinn,,Nordic,0.2452,0.6324,0.3111,41.06,11,weather_spike_flag,weather spike,31.1,7,9.3279,stable_monitor,"Tallinn / Bec far H7: peak month 11, trigger weather spike (+31.1%), recommended window 7 zile."
PEU-BRAKE-PADS-F,FI_HEL,Placute frana fata,brakes,Helsinki,,Nordic,0.1531,0.1001,0.0126,40.57,12,is_payday_window,payday window,25.3,7,12.5429,stable_monitor,"Helsinki / Placute frana fata: peak month 12, trigger payday window (+25.3%), recommended window 7 zile."
PEU-HEADLIGHT-H7,SE_STO,Bec far H7,lighting,Stockholm,,Nordic,0.2438,0.6152,0.2856,40.31,11,weather_spike_flag,weather spike,28.6,7,9.3279,stable_monitor,"Stockholm / Bec far H7: peak month 11, trigger weather spike (+28.6%), recommended window 7 zile."
PEU-OIL-5W30-5L,DK_CPH,Ulei motor 5W30 5L,maintenance,Copenhagen,,North_Central,0.1802,0.0954,0.0,40.28,12,is_payday_window,payday window,36.4,7,13.7828,stable_monitor,"Copenhagen / Ulei motor 5W30 5L: peak month 12, trigger payday window (+36.4%), recommended window 7 zile."
PEU-BRAKE-PADS-F,ES_MAD,Placute frana fata,brakes,Madrid,,South,0.1576,0.1264,0.001,38.52,12,is_payday_window,payday window,25.2,7,12.5429,stable_monitor,"Madrid / Placute frana fata: peak month 12, trigger payday window (+25.2%), recommended window 7 zile."
PEU-BRAKE-PADS-F,NL_AMS,Placute frana fata,brakes,Amsterdam,,West,0.1565,0.1015,0.0086,37.55,12,is_payday_window,payday window,25.3,7,12.5429,stable_monitor,"Amsterdam / Placute frana fata: peak month 12, trigger payday window (+25.3%), recommended window 7 zile."
PEU-BRAKE-PADS-F,RO_BUC,Placute frana fata,brakes,Bucharest,,East,0.1599,0.0954,0.0325,37.09,12,is_payday_window,payday window,25.3,7,12.5429,stable_monitor,"Bucharest / Placute frana fata: peak month 12, trigger payday window (+25.3%), recommended window 7 zile."
PEU-HEADLIGHT-H7,FR_PAR,Bec far H7,lighting,Paris,,West,0.2432,0.6419,0.0696,36.85,11,promotion_flag,promotion,18.4,7,9.3279,stable_monitor,"Paris / Bec far H7: peak month 11, trigger promotion (+18.4%), recommended window 7 zile."
PEU-BRAKE-PADS-F,SE_STO,Placute frana fata,brakes,Stockholm,,Nordic,0.1584,0.106,0.0,36.49,8,is_payday_window,payday window,26.2,7,12.5429,stable_monitor,"Stockholm / Placute frana fata: peak month 8, trigger payday window (+26.2%), recommended window 7 zile."
PEU-BRAKE-PADS-F,CZ_PRG,Placute frana fata,brakes,Prague,,Central,0.1671,0.1512,0.0,36.47,12,is_payday_window,payday window,26.6,7,12.5429,stable_monitor,"Prague / Placute frana fata: peak month 12, trigger payday window (+26.6%), recommended window 7 zile."
PEU-HEADLIGHT-H7,PL_WAW,Bec far H7,lighting,Warsaw,,Central,0.2464,0.6242,0.224,36.41,11,weather_spike_flag,weather spike,22.4,7,9.3279,stable_monitor,"Warsaw / Bec far H7: peak month 11, trigger weather spike (+22.4%), recommended window 7 zile."
PEU-BRAKE-PADS-F,IT_MIL,Placute frana fata,brakes,Milan,,South,0.1552,0.0968,0.0148,36.3,12,is_payday_window,payday window,25.1,7,12.5429,stable_monitor,"Milan / Placute frana fata: peak month 12, trigger payday window (+25.1%), recommended window 7 zile."
PEU-OIL-FILTER,IT_MIL,Filtru ulei,maintenance,Milan,,South,0.1741,0.1144,0.0125,36.23,12,is_payday_window,payday window,35.3,7,13.7828,stable_monitor,"Milan / Filtru ulei: peak month 12, trigger payday window (+35.3%), recommended window 7 zile."
PEU-HEADLIGHT-H7,NL_AMS,Bec far H7,lighting,Amsterdam,,West,0.245,0.6236,0.1084,36.0,11,promotion_flag,promotion,18.0,7,9.3279,stable_monitor,"Amsterdam / Bec far H7: peak month 11, trigger promotion (+18.0%), recommended window 7 zile."
PEU-HEADLIGHT-H7,DE_BER,Bec far H7,lighting,Berlin,,Central,0.2439,0.6137,0.1651,35.83,11,promotion_flag,promotion,19.0,7,9.3279,stable_monitor,"Berlin / Bec far H7: peak month 11, trigger promotion (+19.0%), recommended window 7 zile."
PEU-HEADLIGHT-H7,IT_MIL,Bec far H7,lighting,Milan,,South,0.2474,0.6348,0.0564,35.79,11,promotion_flag,promotion,17.3,7,9.3279,stable_monitor,"Milan / Bec far H7: peak month 11, trigger promotion (+17.3%), recommended window 7 zile."
PEU-BRAKE-PADS-F,FR_PAR,Placute frana fata,brakes,Paris,,West,0.1579,0.1053,0.0,35.52,12,is_payday_window,payday window,25.4,7,12.5429,stable_monitor,"Paris / Placute frana fata: peak month 12, trigger payday window (+25.4%), recommended window 7 zile."
PEU-HEADLIGHT-H7,CZ_PRG,Bec far H7,lighting,Prague,,Central,0.2447,0.621,0.203,35.35,11,weather_spike_flag,weather spike,20.3,7,9.3279,stable_monitor,"Prague / Bec far H7: peak month 11, trigger weather spike (+20.3%), recommended window 7 zile."
PEU-OIL-FILTER,ES_MAD,Filtru ulei,maintenance,Madrid,,South,0.1759,0.1124,0.0115,34.93,12,is_payday_window,payday window,35.4,7,13.7828,stable_monitor,"Madrid / Filtru ulei: peak month 12, trigger payday window (+35.4%), recommended window 7 zile."
PEU-OIL-FILTER,RO_BUC,Filtru ulei,maintenance,Bucharest,,East,0.177,0.0986,0.0338,34.4,8,is_payday_window,payday window,35.6,7,13.7828,stable_monitor,"Bucharest / Filtru ulei: peak month 8, trigger payday window (+35.6%), recommended window 7 zile."
PEU-HEADLIGHT-H7,RO_BUC,Bec far H7,lighting,Bucharest,,East,0.2405,0.615,0.1904,34.26,11,weather_spike_flag,weather spike,19.0,7,9.3279,stable_monitor,"Bucharest / Bec far H7: peak month 11, trigger weather spike (+19.0%), recommended window 7 zile."
PEU-HEADLIGHT-H7,DK_CPH,Bec far H7,lighting,Copenhagen,,North_Central,0.2385,0.601,0.1595,34.26,11,promotion_flag,promotion,17.5,7,9.3279,stable_monitor,"Copenhagen / Bec far H7: peak month 11, trigger promotion (+17.5%), recommended window 7 zile."
PEU-OIL-FILTER,SE_STO,Filtru ulei,maintenance,Stockholm,,Nordic,0.1778,0.1203,0.0,34.18,12,is_payday_window,payday window,35.9,7,13.7828,stable_monitor,"Stockholm / Filtru ulei: peak month 12, trigger payday window (+35.9%), recommended window 7 zile."
PEU-OIL-FILTER,FR_PAR,Filtru ulei,maintenance,Paris,,West,0.1756,0.1254,0.0,33.46,12,is_payday_window,payday window,35.4,7,13.7828,stable_monitor,"Paris / Filtru ulei: peak month 12, trigger payday window (+35.4%), recommended window 7 zile."
PEU-HEADLIGHT-H7,ES_MAD,Bec far H7,lighting,Madrid,,South,0.2406,0.6017,0.0526,33.36,11,promotion_flag,promotion,17.8,7,9.3279,stable_monitor,"Madrid / Bec far H7: peak month 11, trigger promotion (+17.8%), recommended window 7 zile."
PEU-OIL-FILTER,FI_HEL,Filtru ulei,maintenance,Helsinki,,Nordic,0.1757,0.1116,0.0,32.81,12,is_payday_window,payday window,35.7,7,13.7828,stable_monitor,"Helsinki / Filtru ulei: peak month 12, trigger payday window (+35.7%), recommended window 7 zile."
PEU-BRAKE-PADS-F,PL_WAW,Placute frana fata,brakes,Warsaw,,Central,0.1586,0.1052,0.0,32.53,7,is_payday_window,payday window,25.5,7,12.5429,stable_monitor,"Warsaw / Placute frana fata: peak month 7, trigger payday window (+25.5%), recommended window 7 zile."
PEU-AIR-FILTER,SE_STO,Filtru aer motor,filters,Stockholm,,Nordic,0.1058,0.0821,0.0424,32.49,12,promotion_flag,promotion,11.3,7,9.9763,stable_monitor,"Stockholm / Filtru aer motor: peak month 12, trigger promotion (+11.3%), recommended window 7 zile."
PEU-BRAKE-PADS-F,EE_TLL,Placute frana fata,brakes,Tallinn,,Nordic,0.1572,0.0943,0.0,32.0,12,is_payday_window,payday window,25.6,7,12.5429,stable_monitor,"Tallinn / Placute frana fata: peak month 12, trigger payday window (+25.6%), recommended window 7 zile."
PEU-BRAKE-PADS-F,DK_CPH,Placute frana fata,brakes,Copenhagen,,North_Central,0.1522,0.1029,0.0,31.96,12,is_payday_window,payday window,24.0,7,12.5429,stable_monitor,"Copenhagen / Placute frana fata: peak month 12, trigger payday window (+24.0%), recommended window 7 zile."
PEU-AIR-FILTER,FI_HEL,Filtru aer motor,filters,Helsinki,,Nordic,0.1037,0.078,0.0222,31.85,11,promotion_flag,promotion,12.2,7,9.9763,stable_monitor,"Helsinki / Filtru aer motor: peak month 11, trigger promotion (+12.2%), recommended window 7 zile."
PEU-OIL-FILTER,NL_AMS,Filtru ulei,maintenance,Amsterdam,,West,0.1738,0.1113,0.0,30.38,12,is_payday_window,payday window,35.2,7,13.7828,stable_monitor,"Amsterdam / Filtru ulei: peak month 12, trigger payday window (+35.2%), recommended window 7 zile."
PEU-ADBLUE-10L,FI_HEL,AdBlue 10L,consumables,Helsinki,,Nordic,0.1016,0.0834,0.0246,30.0,10,promotion_flag,promotion,12.7,42,8.5096,stable_monitor,"Helsinki / AdBlue 10L: peak month 10, trigger promotion (+12.7%), recommended window 42 zile."
PEU-OIL-FILTER,DE_BER,Filtru ulei,maintenance,Berlin,,Central,0.1757,0.1058,0.0,29.65,12,is_payday_window,payday window,35.8,7,13.7828,stable_monitor,"Berlin / Filtru ulei: peak month 12, trigger payday window (+35.8%), recommended window 7 zile."
PEU-SPARK-PLUG,RO_BUC,Bujie benzina,maintenance,Bucharest,,East,0.189,0.1303,0.026,29.47,12,is_payday_window,payday window,35.5,7,13.7828,stable_monitor,"Bucharest / Bujie benzina: peak month 12, trigger payday window (+35.5%), recommended window 7 zile."
PEU-AIR-FILTER,EE_TLL,Filtru aer motor,filters,Tallinn,,Nordic,0.1066,0.0751,0.022,29.42,11,promotion_flag,promotion,10.7,7,9.9763,stable_monitor,"Tallinn / Filtru aer motor: peak month 11, trigger promotion (+10.7%), recommended window 7 zile."
PEU-OIL-FILTER,DK_CPH,Filtru ulei,maintenance,Copenhagen,,North_Central,0.1739,0.1068,0.0,28.96,12,is_payday_window,payday window,35.0,7,13.7828,stable_monitor,"Copenhagen / Filtru ulei: peak month 12, trigger payday window (+35.0%), recommended window 7 zile."
PEU-AIR-FILTER,IT_MIL,Filtru aer motor,filters,Milan,,South,0.1081,0.076,0.0221,28.76,11,promotion_flag,promotion,11.6,7,9.9763,stable_monitor,"Milan / Filtru aer motor: peak month 11, trigger promotion (+11.6%), recommended window 7 zile."
PEU-OIL-FILTER,PL_WAW,Filtru ulei,maintenance,Warsaw,,Central,0.1751,0.1026,0.0,27.79,12,is_payday_window,payday window,35.2,7,13.7828,stable_monitor,"Warsaw / Filtru ulei: peak month 12, trigger payday window (+35.2%), recommended window 7 zile."
PEU-ADBLUE-10L,SE_STO,AdBlue 10L,consumables,Stockholm,,Nordic,0.1025,0.0747,0.0307,27.52,12,promotion_flag,promotion,10.8,42,8.5096,stable_monitor,"Stockholm / AdBlue 10L: peak month 12, trigger promotion (+10.8%), recommended window 42 zile."
PEU-OIL-FILTER,EE_TLL,Filtru ulei,maintenance,Tallinn,,Nordic,0.1768,0.0905,0.0,27.26,12,is_payday_window,payday window,35.7,7,13.7828,stable_monitor,"Tallinn / Filtru ulei: peak month 12, trigger payday window (+35.7%), recommended window 7 zile."
PEU-AIR-FILTER,DK_CPH,Filtru aer motor,filters,Copenhagen,,North_Central,0.1082,0.0756,0.0169,26.92,7,is_payday_window,payday window,10.2,7,9.9763,stable_monitor,"Copenhagen / Filtru aer motor: peak month 7, trigger payday window (+10.2%), recommended window 7 zile."
PEU-AIR-FILTER,ES_MAD,Filtru aer motor,filters,Madrid,,South,0.1091,0.0748,0.0178,26.17,4,promotion_flag,promotion,11.0,7,9.9763,stable_monitor,"Madrid / Filtru aer motor: peak month 4, trigger promotion (+11.0%), recommended window 7 zile."
PEU-AIR-FILTER,PL_WAW,Filtru aer motor,filters,Warsaw,,Central,0.1108,0.0864,0.008,25.91,10,is_payday_window,payday window,10.6,7,9.9763,stable_monitor,"Warsaw / Filtru aer motor: peak month 10, trigger payday window (+10.6%), recommended window 7 zile."
PEU-ADBLUE-10L,IT_MIL,AdBlue 10L,consumables,Milan,,South,0.1123,0.0811,0.0185,25.9,10,promotion_flag,promotion,10.7,42,8.5096,stable_monitor,"Milan / AdBlue 10L: peak month 10, trigger promotion (+10.7%), recommended window 42 zile."
PEU-OIL-FILTER,CZ_PRG,Filtru ulei,maintenance,Prague,,Central,0.174,0.0982,0.0,25.84,12,is_payday_window,payday window,34.8,7,13.7828,stable_monitor,"Prague / Filtru ulei: peak month 12, trigger payday window (+34.8%), recommended window 7 zile."
PEU-ADBLUE-10L,PL_WAW,AdBlue 10L,consumables,Warsaw,,Central,0.1077,0.0905,0.0213,25.57,11,promotion_flag,promotion,12.5,42,8.5096,stable_monitor,"Warsaw / AdBlue 10L: peak month 11, trigger promotion (+12.5%), recommended window 42 zile."
PEU-ADBLUE-10L,DE_BER,AdBlue 10L,consumables,Berlin,,Central,0.1061,0.0668,0.0241,25.16,12,promotion_flag,promotion,10.9,42,8.5096,stable_monitor,"Berlin / AdBlue 10L: peak month 12, trigger promotion (+10.9%), recommended window 42 zile."
PEU-ADBLUE-10L,EE_TLL,AdBlue 10L,consumables,Tallinn,,Nordic,0.0994,0.065,0.0217,25.14,11,promotion_flag,promotion,9.3,42,8.5096,stable_monitor,"Tallinn / AdBlue 10L: peak month 11, trigger promotion (+9.3%), recommended window 42 zile."
PEU-BRAKE-FLUID-DOT4,IT_MIL,Lichid frana DOT4 1L,brakes,Milan,,South,0.1628,0.109,0.0215,24.86,8,is_payday_window,payday window,26.1,7,12.5429,stable_monitor,"Milan / Lichid frana DOT4 1L: peak month 8, trigger payday window (+26.1%), recommended window 7 zile."
PEU-AIR-FILTER,DE_BER,Filtru aer motor,filters,Berlin,,Central,0.1058,0.0652,0.01,24.8,12,promotion_flag,promotion,12.9,7,9.9763,stable_monitor,"Berlin / Filtru aer motor: peak month 12, trigger promotion (+12.9%), recommended window 7 zile."
PEU-AIR-FILTER,RO_BUC,Filtru aer motor,filters,Bucharest,,East,0.1102,0.0755,0.0129,24.61,12,promotion_flag,promotion,11.3,7,9.9763,stable_monitor,"Bucharest / Filtru aer motor: peak month 12, trigger promotion (+11.3%), recommended window 7 zile."
PEU-SPARK-PLUG,ES_MAD,Bujie benzina,maintenance,Madrid,,South,0.191,0.1044,0.013,24.28,7,is_payday_window,payday window,36.5,7,13.7828,stable_monitor,"Madrid / Bujie benzina: peak month 7, trigger payday window (+36.5%), recommended window 7 zile."
PEU-ADBLUE-10L,DK_CPH,AdBlue 10L,consumables,Copenhagen,,North_Central,0.1146,0.0705,0.0184,24.12,12,promotion_flag,promotion,11.1,42,8.5096,stable_monitor,"Copenhagen / AdBlue 10L: peak month 12, trigger promotion (+11.1%), recommended window 42 zile."
PEU-AIR-FILTER,FR_PAR,Filtru aer motor,filters,Paris,,West,0.107,0.0813,0.0,23.9,12,promotion_flag,promotion,12.6,7,9.9763,stable_monitor,"Paris / Filtru aer motor: peak month 12, trigger promotion (+12.6%), recommended window 7 zile."
PEU-SPARK-PLUG,EE_TLL,Bujie benzina,maintenance,Tallinn,,Nordic,0.1877,0.1232,0.0,23.83,8,is_payday_window,payday window,35.6,7,13.7828,stable_monitor,"Tallinn / Bujie benzina: peak month 8, trigger payday window (+35.6%), recommended window 7 zile."
PEU-AIR-FILTER,NL_AMS,Filtru aer motor,filters,Amsterdam,,West,0.1055,0.0582,0.004,23.82,12,promotion_flag,promotion,11.9,7,9.9763,stable_monitor,"Amsterdam / Filtru aer motor: peak month 12, trigger promotion (+11.9%), recommended window 7 zile."
PEU-SPARK-PLUG,NL_AMS,Bujie benzina,maintenance,Amsterdam,,West,0.1852,0.1339,0.0,23.53,12,is_payday_window,payday window,36.4,7,13.7828,stable_monitor,"Amsterdam / Bujie benzina: peak month 12, trigger payday window (+36.4%), recommended window 7 zile."
PEU-ADBLUE-10L,NL_AMS,AdBlue 10L,consumables,Amsterdam,,West,0.1108,0.0727,0.0072,23.37,12,promotion_flag,promotion,10.5,42,8.5096,stable_monitor,"Amsterdam / AdBlue 10L: peak month 12, trigger promotion (+10.5%), recommended window 42 zile."
PEU-ADBLUE-10L,CZ_PRG,AdBlue 10L,consumables,Prague,,Central,0.1096,0.0804,0.0178,23.16,11,promotion_flag,promotion,10.9,42,8.5096,stable_monitor,"Prague / AdBlue 10L: peak month 11, trigger promotion (+10.9%), recommended window 42 zile."
PEU-ADBLUE-10L,ES_MAD,AdBlue 10L,consumables,Madrid,,South,0.1074,0.0816,0.0118,23.08,12,promotion_flag,promotion,10.7,42,8.5096,stable_monitor,"Madrid / AdBlue 10L: peak month 12, trigger promotion (+10.7%), recommended window 42 zile."
PEU-ADBLUE-10L,FR_PAR,AdBlue 10L,consumables,Paris,,West,0.1067,0.0607,0.0065,22.8,10,promotion_flag,promotion,12.0,42,8.5096,stable_monitor,"Paris / AdBlue 10L: peak month 10, trigger promotion (+12.0%), recommended window 42 zile."
PEU-SPARK-PLUG,IT_MIL,Bujie benzina,maintenance,Milan,,South,0.1881,0.1022,0.0063,22.8,12,is_payday_window,payday window,35.9,7,13.7828,stable_monitor,"Milan / Bujie benzina: peak month 12, trigger payday window (+35.9%), recommended window 7 zile."
PEU-ADBLUE-10L,RO_BUC,AdBlue 10L,consumables,Bucharest,,East,0.1126,0.0711,0.0198,22.41,12,promotion_flag,promotion,12.0,42,8.5096,stable_monitor,"Bucharest / AdBlue 10L: peak month 12, trigger promotion (+12.0%), recommended window 42 zile."
PEU-SPARK-PLUG,FR_PAR,Bujie benzina,maintenance,Paris,,West,0.1827,0.0972,0.0038,21.81,7,is_payday_window,payday window,35.4,7,13.7828,stable_monitor,"Paris / Bujie benzina: peak month 7, trigger payday window (+35.4%), recommended window 7 zile."
PEU-SPARK-PLUG,SE_STO,Bujie benzina,maintenance,Stockholm,,Nordic,0.1878,0.105,0.0,21.38,12,is_payday_window,payday window,36.4,7,13.7828,stable_monitor,"Stockholm / Bujie benzina: peak month 12, trigger payday window (+36.4%), recommended window 7 zile."
PEU-SPARK-PLUG,DK_CPH,Bujie benzina,maintenance,Copenhagen,,North_Central,0.1889,0.1125,0.0,21.37,8,is_payday_window,payday window,36.2,7,13.7828,stable_monitor,"Copenhagen / Bujie benzina: peak month 8, trigger payday window (+36.2%), recommended window 7 zile."
PEU-BRAKE-FLUID-DOT4,FI_HEL,Lichid frana DOT4 1L,brakes,Helsinki,,Nordic,0.1607,0.1147,0.0,21.33,8,is_payday_window,payday window,26.1,7,12.5429,stable_monitor,"Helsinki / Lichid frana DOT4 1L: peak month 8, trigger payday window (+26.1%), recommended window 7 zile."
PEU-BRAKE-FLUID-DOT4,SE_STO,Lichid frana DOT4 1L,brakes,Stockholm,,Nordic,0.1603,0.1184,0.0,21.15,12,is_payday_window,payday window,25.0,7,12.5429,stable_monitor,"Stockholm / Lichid frana DOT4 1L: peak month 12, trigger payday window (+25.0%), recommended window 7 zile."
PEU-BRAKE-FLUID-DOT4,FR_PAR,Lichid frana DOT4 1L,brakes,Paris,,West,0.1629,0.1177,0.0,20.91,12,is_payday_window,payday window,25.4,7,12.5429,stable_monitor,"Paris / Lichid frana DOT4 1L: peak month 12, trigger payday window (+25.4%), recommended window 7 zile."
PEU-SPARK-PLUG,DE_BER,Bujie benzina,maintenance,Berlin,,Central,0.188,0.1095,0.0,20.67,8,is_payday_window,payday window,35.3,7,13.7828,stable_monitor,"Berlin / Bujie benzina: peak month 8, trigger payday window (+35.3%), recommended window 7 zile."
PEU-SPARK-PLUG,FI_HEL,Bujie benzina,maintenance,Helsinki,,Nordic,0.1824,0.0992,0.0,20.57,8,is_payday_window,payday window,35.5,7,13.7828,stable_monitor,"Helsinki / Bujie benzina: peak month 8, trigger payday window (+35.5%), recommended window 7 zile."
PEU-BRAKE-FLUID-DOT4,EE_TLL,Lichid frana DOT4 1L,brakes,Tallinn,,Nordic,0.1585,0.0947,0.011,19.63,4,is_payday_window,payday window,24.3,7,12.5429,stable_monitor,"Tallinn / Lichid frana DOT4 1L: peak month 4, trigger payday window (+24.3%), recommended window 7 zile."
PEU-BRAKE-FLUID-DOT4,DK_CPH,Lichid frana DOT4 1L,brakes,Copenhagen,,North_Central,0.1668,0.0981,0.0096,19.61,8,is_payday_window,payday window,25.6,7,12.5429,stable_monitor,"Copenhagen / Lichid frana DOT4 1L: peak month 8, trigger payday window (+25.6%), recommended window 7 zile."
PEU-BRAKE-FLUID-DOT4,RO_BUC,Lichid frana DOT4 1L,brakes,Bucharest,,East,0.1679,0.0907,0.0196,19.47,12,is_payday_window,payday window,24.9,7,12.5429,stable_monitor,"Bucharest / Lichid frana DOT4 1L: peak month 12, trigger payday window (+24.9%), recommended window 7 zile."
PEU-SPARK-PLUG,CZ_PRG,Bujie benzina,maintenance,Prague,,Central,0.1887,0.0906,0.0061,19.21,12,is_payday_window,payday window,35.9,7,13.7828,stable_monitor,"Prague / Bujie benzina: peak month 12, trigger payday window (+35.9%), recommended window 7 zile."
PEU-AIR-FILTER,CZ_PRG,Filtru aer motor,filters,Prague,,Central,0.1081,0.0573,0.0,17.92,10,promotion_flag,promotion,11.0,7,9.9763,stable_monitor,"Prague / Filtru aer motor: peak month 10, trigger promotion (+11.0%), recommended window 7 zile."
PEU-BRAKE-FLUID-DOT4,ES_MAD,Lichid frana DOT4 1L,brakes,Madrid,,South,0.1621,0.0978,0.0024,17.66,8,is_payday_window,payday window,24.8,7,12.5429,stable_monitor,"Madrid / Lichid frana DOT4 1L: peak month 8, trigger payday window (+24.8%), recommended window 7 zile."
PEU-BRAKE-FLUID-DOT4,PL_WAW,Lichid frana DOT4 1L,brakes,Warsaw,,Central,0.1692,0.1077,0.0,17.65,7,is_payday_window,payday window,26.4,7,12.5429,stable_monitor,"Warsaw / Lichid frana DOT4 1L: peak month 7, trigger payday window (+26.4%), recommended window 7 zile."
PEU-BRAKE-FLUID-DOT4,CZ_PRG,Lichid frana DOT4 1L,brakes,Prague,,Central,0.1683,0.1076,0.0,17.09,8,is_payday_window,payday window,25.5,7,12.5429,stable_monitor,"Prague / Lichid frana DOT4 1L: peak month 8, trigger payday window (+25.5%), recommended window 7 zile."
PEU-BRAKE-FLUID-DOT4,NL_AMS,Lichid frana DOT4 1L,brakes,Amsterdam,,West,0.1642,0.1014,0.0,16.96,7,is_payday_window,payday window,26.0,7,12.5429,stable_monitor,"Amsterdam / Lichid frana DOT4 1L: peak month 7, trigger payday window (+26.0%), recommended window 7 zile."
PEU-SPARK-PLUG,PL_WAW,Bujie benzina,maintenance,Warsaw,,Central,0.1863,0.0976,0.0,16.84,7,is_payday_window,payday window,35.1,7,13.7828,stable_monitor,"Warsaw / Bujie benzina: peak month 7, trigger payday window (+35.1%), recommended window 7 zile."
PEU-BRAKE-FLUID-DOT4,DE_BER,Lichid frana DOT4 1L,brakes,Berlin,,Central,0.1548,0.1002,0.0,15.36,12,is_payday_window,payday window,24.0,7,12.5429,stable_monitor,"Berlin / Lichid frana DOT4 1L: peak month 12, trigger payday window (+24.0%), recommended window 7 zile."
PEU-AC-REFILL,IT_MIL,Kit incarcare clima R134a/R1234yf,ac_cooling,Milan,,South,1.0085,2.79,4.4302,94.86,7,heatwave_flag,heatwave,443.0,7,16.4501,weather_sensitive,"Milan / Kit incarcare clima R134a/R1234yf: peak month 7, trigger heatwave (+443.0%), recommended window 7 zile."
PEU-WINTER-TIRE-205,FI_HEL,Anvelopa iarna 205/55R16,tires,Helsinki,,Nordic,0.987,2.8914,1.3555,93.8,11,weather_spike_flag,weather spike,135.5,7,15.7962,weather_sensitive,"Helsinki / Anvelopa iarna 205/55R16: peak month 11, trigger weather spike (+135.5%), recommended window 7 zile."
PEU-AC-REFILL,ES_MAD,Kit incarcare clima R134a/R1234yf,ac_cooling,Madrid,,South,0.9678,2.5814,5.1764,93.66,7,heatwave_flag,heatwave,517.6,7,16.4501,weather_sensitive,"Madrid / Kit incarcare clima R134a/R1234yf: peak month 7, trigger heatwave (+517.6%), recommended window 7 zile."
PEU-AC-REFILL,RO_BUC,Kit incarcare clima R134a/R1234yf,ac_cooling,Bucharest,,East,1.0112,2.9916,3.9404,91.55,7,heatwave_flag,heatwave,394.0,7,16.4501,weather_sensitive,"Bucharest / Kit incarcare clima R134a/R1234yf: peak month 7, trigger heatwave (+394.0%), recommended window 7 zile."
PEU-WINTER-TIRE-205,EE_TLL,Anvelopa iarna 205/55R16,tires,Tallinn,,Nordic,0.9574,2.749,1.3021,91.32,11,weather_spike_flag,weather spike,130.2,7,15.7962,weather_sensitive,"Tallinn / Anvelopa iarna 205/55R16: peak month 11, trigger weather spike (+130.2%), recommended window 7 zile."
PEU-WINTER-TIRE-205,SE_STO,Anvelopa iarna 205/55R16,tires,Stockholm,,Nordic,0.954,2.6798,1.1546,89.68,11,weather_spike_flag,weather spike,115.5,7,15.7962,weather_sensitive,"Stockholm / Anvelopa iarna 205/55R16: peak month 11, trigger weather spike (+115.5%), recommended window 7 zile."
PEU-WINTER-TIRE-205,FR_PAR,Anvelopa iarna 205/55R16,tires,Paris,,West,0.9548,2.6189,1.1633,86.41,11,cold_snap_flag,cold snap,116.3,7,15.7962,weather_sensitive,"Paris / Anvelopa iarna 205/55R16: peak month 11, trigger cold snap (+116.3%), recommended window 7 zile."
PEU-WINTER-TIRE-205,NL_AMS,Anvelopa iarna 205/55R16,tires,Amsterdam,,West,0.9398,2.5681,1.1754,85.19,11,cold_snap_flag,cold snap,117.5,7,15.7962,weather_sensitive,"Amsterdam / Anvelopa iarna 205/55R16: peak month 11, trigger cold snap (+117.5%), recommended window 7 zile."
PEU-AC-REFILL,FR_PAR,Kit incarcare clima R134a/R1234yf,ac_cooling,Paris,,West,0.8542,2.3113,2.0929,84.7,7,heatwave_flag,heatwave,209.3,7,16.4501,weather_sensitive,"Paris / Kit incarcare clima R134a/R1234yf: peak month 7, trigger heatwave (+209.3%), recommended window 7 zile."
PEU-WF-WINTER-5L,FI_HEL,Lichid parbriz iarna -20C 5L,winter_fluids,Helsinki,,Nordic,0.7408,1.9504,2.2696,84.54,12,weather_spike_flag,weather spike,227.0,7,12.9837,weather_sensitive,"Helsinki / Lichid parbriz iarna -20C 5L: peak month 12, trigger weather spike (+227.0%), recommended window 7 zile."
PEU-WINTER-TIRE-205,IT_MIL,Anvelopa iarna 205/55R16,tires,Milan,,South,0.9433,2.564,1.1565,84.4,11,cold_snap_flag,cold snap,115.6,7,15.7962,weather_sensitive,"Milan / Anvelopa iarna 205/55R16: peak month 11, trigger cold snap (+115.6%), recommended window 7 zile."
PEU-WF-WINTER-5L,EE_TLL,Lichid parbriz iarna -20C 5L,winter_fluids,Tallinn,,Nordic,0.7381,1.9785,2.2321,84.31,12,weather_spike_flag,weather spike,223.2,7,12.9837,weather_sensitive,"Tallinn / Lichid parbriz iarna -20C 5L: peak month 12, trigger weather spike (+223.2%), recommended window 7 zile."
PEU-WINTER-TIRE-205,DE_BER,Anvelopa iarna 205/55R16,tires,Berlin,,Central,0.9222,2.4815,1.098,84.17,11,cold_snap_flag,cold snap,109.8,7,15.7962,weather_sensitive,"Berlin / Anvelopa iarna 205/55R16: peak month 11, trigger cold snap (+109.8%), recommended window 7 zile."
PEU-WINTER-TIRE-205,ES_MAD,Anvelopa iarna 205/55R16,tires,Madrid,,South,0.9447,2.5863,1.1345,84.0,11,cold_snap_flag,cold snap,113.4,7,15.7962,weather_sensitive,"Madrid / Anvelopa iarna 205/55R16: peak month 11, trigger cold snap (+113.4%), recommended window 7 zile."
PEU-WINTER-TIRE-205,DK_CPH,Anvelopa iarna 205/55R16,tires,Copenhagen,,North_Central,0.9322,2.5575,1.0995,83.87,11,cold_snap_flag,cold snap,110.0,7,15.7962,weather_sensitive,"Copenhagen / Anvelopa iarna 205/55R16: peak month 11, trigger cold snap (+110.0%), recommended window 7 zile."
PEU-WF-WINTER-5L,SE_STO,Lichid parbriz iarna -20C 5L,winter_fluids,Stockholm,,Nordic,0.7283,1.9083,2.0075,83.38,12,weather_spike_flag,weather spike,200.7,7,12.9837,weather_sensitive,"Stockholm / Lichid parbriz iarna -20C 5L: peak month 12, trigger weather spike (+200.7%), recommended window 7 zile."
PEU-AC-REFILL,FI_HEL,Kit incarcare clima R134a/R1234yf,ac_cooling,Helsinki,,Nordic,0.8156,2.1467,1.5299,83.26,7,heatwave_flag,heatwave,153.0,7,16.4501,weather_sensitive,"Helsinki / Kit incarcare clima R134a/R1234yf: peak month 7, trigger heatwave (+153.0%), recommended window 7 zile."
PEU-WINTER-TIRE-205,PL_WAW,Anvelopa iarna 205/55R16,tires,Warsaw,,Central,0.9163,2.4471,1.0051,83.08,11,temperature_drop_flag,temperature drop,100.5,7,15.7962,weather_sensitive,"Warsaw / Anvelopa iarna 205/55R16: peak month 11, trigger temperature drop (+100.5%), recommended window 7 zile."
PEU-WINTER-TIRE-205,RO_BUC,Anvelopa iarna 205/55R16,tires,Bucharest,,East,0.9189,2.4649,1.1254,82.94,11,cold_snap_flag,cold snap,112.5,7,15.7962,weather_sensitive,"Bucharest / Anvelopa iarna 205/55R16: peak month 11, trigger cold snap (+112.5%), recommended window 7 zile."
PEU-WINTER-TIRE-205,CZ_PRG,Anvelopa iarna 205/55R16,tires,Prague,,Central,0.9243,2.4538,1.0603,82.71,11,cold_snap_flag,cold snap,106.0,7,15.7962,weather_sensitive,"Prague / Anvelopa iarna 205/55R16: peak month 11, trigger cold snap (+106.0%), recommended window 7 zile."
PEU-AC-REFILL,SE_STO,Kit incarcare clima R134a/R1234yf,ac_cooling,Stockholm,,Nordic,0.8167,2.1555,1.5468,82.43,7,heatwave_flag,heatwave,154.7,7,16.4501,weather_sensitive,"Stockholm / Kit incarcare clima R134a/R1234yf: peak month 7, trigger heatwave (+154.7%), recommended window 7 zile."
PEU-AC-REFILL,PL_WAW,Kit incarcare clima R134a/R1234yf,ac_cooling,Warsaw,,Central,0.8545,2.3448,2.0618,81.71,7,heatwave_flag,heatwave,206.2,7,16.4501,weather_sensitive,"Warsaw / Kit incarcare clima R134a/R1234yf: peak month 7, trigger heatwave (+206.2%), recommended window 7 zile."
PEU-AC-REFILL,DE_BER,Kit incarcare clima R134a/R1234yf,ac_cooling,Berlin,,Central,0.8372,2.3397,1.9542,81.6,7,heatwave_flag,heatwave,195.4,7,16.4501,weather_sensitive,"Berlin / Kit incarcare clima R134a/R1234yf: peak month 7, trigger heatwave (+195.4%), recommended window 7 zile."
PEU-AC-REFILL,EE_TLL,Kit incarcare clima R134a/R1234yf,ac_cooling,Tallinn,,Nordic,0.8137,2.149,1.542,81.04,7,heatwave_flag,heatwave,154.2,7,16.4501,weather_sensitive,"Tallinn / Kit incarcare clima R134a/R1234yf: peak month 7, trigger heatwave (+154.2%), recommended window 7 zile."
PEU-AC-REFILL,CZ_PRG,Kit incarcare clima R134a/R1234yf,ac_cooling,Prague,,Central,0.8482,2.334,2.0266,79.95,7,heatwave_flag,heatwave,202.7,7,16.4501,weather_sensitive,"Prague / Kit incarcare clima R134a/R1234yf: peak month 7, trigger heatwave (+202.7%), recommended window 7 zile."
PEU-AC-REFILL,NL_AMS,Kit incarcare clima R134a/R1234yf,ac_cooling,Amsterdam,,West,0.8161,2.1444,1.525,79.81,7,heatwave_flag,heatwave,152.5,7,16.4501,weather_sensitive,"Amsterdam / Kit incarcare clima R134a/R1234yf: peak month 7, trigger heatwave (+152.5%), recommended window 7 zile."
PEU-AC-REFILL,DK_CPH,Kit incarcare clima R134a/R1234yf,ac_cooling,Copenhagen,,North_Central,0.815,2.1332,1.612,79.0,7,heatwave_flag,heatwave,161.2,7,16.4501,weather_sensitive,"Copenhagen / Kit incarcare clima R134a/R1234yf: peak month 7, trigger heatwave (+161.2%), recommended window 7 zile."
PEU-WF-WINTER-5L,PL_WAW,Lichid parbriz iarna -20C 5L,winter_fluids,Warsaw,,Central,0.7007,1.8519,1.4082,77.48,12,weather_spike_flag,weather spike,140.8,7,12.9837,weather_sensitive,"Warsaw / Lichid parbriz iarna -20C 5L: peak month 12, trigger weather spike (+140.8%), recommended window 7 zile."
PEU-WF-WINTER-5L,CZ_PRG,Lichid parbriz iarna -20C 5L,winter_fluids,Prague,,Central,0.6798,1.8455,1.2257,75.72,12,weather_spike_flag,weather spike,122.6,7,12.9837,weather_sensitive,"Prague / Lichid parbriz iarna -20C 5L: peak month 12, trigger weather spike (+122.6%), recommended window 7 zile."
PEU-WF-WINTER-5L,DE_BER,Lichid parbriz iarna -20C 5L,winter_fluids,Berlin,,Central,0.6728,1.7547,1.0174,74.86,12,weather_spike_flag,weather spike,101.7,7,12.9837,weather_sensitive,"Berlin / Lichid parbriz iarna -20C 5L: peak month 12, trigger weather spike (+101.7%), recommended window 7 zile."
PEU-WF-WINTER-5L,RO_BUC,Lichid parbriz iarna -20C 5L,winter_fluids,Bucharest,,East,0.6766,1.7887,1.1145,74.44,12,weather_spike_flag,weather spike,111.4,7,12.9837,weather_sensitive,"Bucharest / Lichid parbriz iarna -20C 5L: peak month 12, trigger weather spike (+111.4%), recommended window 7 zile."
