date,location_id,city,country_code,timezone,lat,lon,temperature_c,temperature_min_c,temperature_max_c,rain_mm,precipitation_mm,snow_cm,weather_source,weather_provider,fetched_at_utc,temp_change_1d_c,temp_change_3d_c,abs_temp_change_3d_c,cold_snap_flag,heatwave_flag,weather_spike_flag,temperature_drop_flag,temperature_rise_flag
2026-05-13,CZ_PRG,Prague,Czechia,Europe/Prague,50.08,14.44,10.0,5.2,14.3,0.2,0.2,0.0,open_meteo_forecast,Open-Meteo,2026-05-13T15:01:11Z,0.0,0.0,0.0,0,0,0,0,0
2026-05-14,CZ_PRG,Prague,Czechia,Europe/Prague,50.08,14.44,11.7,8.1,15.4,1.1,1.6,0.0,open_meteo_forecast,Open-Meteo,2026-05-13T15:01:11Z,1.7,1.7,1.7,0,0,0,0,0
2026-05-15,CZ_PRG,Prague,Czechia,Europe/Prague,50.08,14.44,11.1,7.9,14.3,0.0,0.3,0.0,open_meteo_forecast,Open-Meteo,2026-05-13T15:01:11Z,-0.6,-0.6,0.6,0,0,0,0,0
2026-05-16,CZ_PRG,Prague,Czechia,Europe/Prague,50.08,14.44,11.3,7.1,15.0,0.0,3.1,0.0,open_meteo_forecast,Open-Meteo,2026-05-13T15:01:11Z,0.2,1.3,1.3,0,0,0,0,0
2026-05-17,CZ_PRG,Prague,Czechia,Europe/Prague,50.08,14.44,13.1,8.1,17.1,0.0,0.0,0.0,open_meteo_forecast,Open-Meteo,2026-05-13T15:01:11Z,1.8,1.4,1.4,0,0,0,0,0
2026-05-18,CZ_PRG,Prague,Czechia,Europe/Prague,50.08,14.44,13.1,8.5,17.2,0.0,0.0,0.0,open_meteo_forecast,Open-Meteo,2026-05-13T15:01:11Z,0.0,2.0,2.0,0,0,0,0,0
2026-05-19,CZ_PRG,Prague,Czechia,Europe/Prague,50.08,14.44,12.9,7.0,17.0,0.0,0.0,0.0,open_meteo_forecast,Open-Meteo,2026-05-13T15:01:11Z,-0.2,1.6,1.6,0,0,0,0,0
2026-05-20,CZ_PRG,Prague,Czechia,Europe/Prague,50.08,14.44,14.3,6.0,20.1,0.0,0.0,0.0,open_meteo_forecast,Open-Meteo,2026-05-13T15:01:11Z,1.4,1.2,1.2,0,0,0,0,0
2026-05-21,CZ_PRG,Prague,Czechia,Europe/Prague,50.08,14.44,17.4,12.6,22.2,0.0,0.0,0.0,open_meteo_forecast,Open-Meteo,2026-05-13T15:01:11Z,3.1,4.3,4.3,0,0,0,0,0
2026-05-22,CZ_PRG,Prague,Czechia,Europe/Prague,50.08,14.44,18.6,12.9,24.2,0.0,0.0,0.0,open_meteo_forecast,Open-Meteo,2026-05-13T15:01:11Z,1.2,5.7,5.7,0,0,1,0,1
2026-05-23,CZ_PRG,Prague,Czechia,Europe/Prague,50.08,14.44,19.1,14.9,23.5,0.0,0.0,0.0,open_meteo_forecast,Open-Meteo,2026-05-13T15:01:11Z,0.5,4.8,4.8,0,0,0,0,0
2026-05-24,CZ_PRG,Prague,Czechia,Europe/Prague,50.08,14.44,18.8,16.0,22.4,1.8,2.4,0.0,open_meteo_forecast,Open-Meteo,2026-05-13T15:01:11Z,-0.3,1.4,1.4,0,0,0,0,0
2026-05-25,CZ_PRG,Prague,Czechia,Europe/Prague,50.08,14.44,17.9,13.9,22.3,0.0,0.0,0.0,open_meteo_forecast,Open-Meteo,2026-05-13T15:01:11Z,-0.9,-0.7,0.7,0,0,0,0,0
2026-05-26,CZ_PRG,Prague,Czechia,Europe/Prague,50.08,14.44,17.0,13.3,20.5,0.0,0.0,0.0,open_meteo_forecast,Open-Meteo,2026-05-13T15:01:11Z,-0.9,-2.1,2.1,0,0,0,0,0
2026-05-27,CZ_PRG,Prague,Czechia,Europe/Prague,50.08,14.44,18.7,13.2,24.4,0.0,0.0,0.0,open_meteo_forecast,Open-Meteo,2026-05-13T15:01:11Z,1.7,-0.1,0.1,0,0,0,0,0
2026-05-28,CZ_PRG,Prague,Czechia,Europe/Prague,50.08,14.44,15.2,8.8,20.5,0.0,0.0,0.0,open_meteo_forecast,Open-Meteo,2026-05-13T15:01:11Z,-3.5,-2.7,2.7,0,0,0,0,0
2026-05-13,DE_BER,Berlin,Germany,Europe/Berlin,52.52,13.4,9.4,6.3,13.2,2.3,2.3,0.0,open_meteo_forecast,Open-Meteo,2026-05-13T15:01:09Z,0.0,0.0,0.0,0,0,0,0,0
2026-05-14,DE_BER,Berlin,Germany,Europe/Berlin,52.52,13.4,9.8,7.3,13.3,9.7,10.4,0.0,open_meteo_forecast,Open-Meteo,2026-05-13T15:01:09Z,0.4,0.4,0.4,0,0,0,0,0
2026-05-15,DE_BER,Berlin,Germany,Europe/Berlin,52.52,13.4,11.0,6.2,15.4,0.0,0.2,0.0,open_meteo_forecast,Open-Meteo,2026-05-13T15:01:09Z,1.2,1.2,1.2,0,0,0,0,0
2026-05-16,DE_BER,Berlin,Germany,Europe/Berlin,52.52,13.4,11.4,6.6,15.1,0.0,0.0,0.0,open_meteo_forecast,Open-Meteo,2026-05-13T15:01:09Z,0.4,2.0,2.0,0,0,0,0,0
2026-05-17,DE_BER,Berlin,Germany,Europe/Berlin,52.52,13.4,13.3,7.2,17.9,0.0,0.0,0.0,open_meteo_forecast,Open-Meteo,2026-05-13T15:01:09Z,1.9,3.5,3.5,0,0,0,0,0
2026-05-18,DE_BER,Berlin,Germany,Europe/Berlin,52.52,13.4,15.1,10.8,18.6,0.0,0.0,0.0,open_meteo_forecast,Open-Meteo,2026-05-13T15:01:09Z,1.8,4.1,4.1,0,0,0,0,0
2026-05-19,DE_BER,Berlin,Germany,Europe/Berlin,52.52,13.4,14.1,10.7,17.5,0.0,0.0,0.0,open_meteo_forecast,Open-Meteo,2026-05-13T15:01:09Z,-1.0,2.7,2.7,0,0,0,0,0
2026-05-20,DE_BER,Berlin,Germany,Europe/Berlin,52.52,13.4,15.8,11.4,20.4,0.0,0.0,0.0,open_meteo_forecast,Open-Meteo,2026-05-13T15:01:09Z,1.7,2.5,2.5,0,0,0,0,0
2026-05-21,DE_BER,Berlin,Germany,Europe/Berlin,52.52,13.4,17.5,12.0,22.8,0.0,0.0,0.0,open_meteo_forecast,Open-Meteo,2026-05-13T15:01:09Z,1.7,2.4,2.4,0,0,0,0,0
2026-05-22,DE_BER,Berlin,Germany,Europe/Berlin,52.52,13.4,18.6,13.6,23.5,0.0,0.0,0.0,open_meteo_forecast,Open-Meteo,2026-05-13T15:01:09Z,1.1,4.5,4.5,0,0,0,0,0
2026-05-23,DE_BER,Berlin,Germany,Europe/Berlin,52.52,13.4,18.6,13.2,24.2,0.0,0.0,0.0,open_meteo_forecast,Open-Meteo,2026-05-13T15:01:09Z,0.0,2.8,2.8,0,0,0,0,0
2026-05-24,DE_BER,Berlin,Germany,Europe/Berlin,52.52,13.4,16.6,13.3,20.0,0.0,0.0,0.0,open_meteo_forecast,Open-Meteo,2026-05-13T15:01:09Z,-2.0,-0.9,0.9,0,0,0,0,0
2026-05-25,DE_BER,Berlin,Germany,Europe/Berlin,52.52,13.4,18.3,12.4,24.0,0.0,0.0,0.0,open_meteo_forecast,Open-Meteo,2026-05-13T15:01:09Z,1.7,-0.3,0.3,0,0,0,0,0
2026-05-26,DE_BER,Berlin,Germany,Europe/Berlin,52.52,13.4,16.5,12.5,20.9,0.0,0.0,0.0,open_meteo_forecast,Open-Meteo,2026-05-13T15:01:09Z,-1.8,-2.1,2.1,0,0,0,0,0
2026-05-27,DE_BER,Berlin,Germany,Europe/Berlin,52.52,13.4,18.0,12.1,23.4,0.0,0.0,0.0,open_meteo_forecast,Open-Meteo,2026-05-13T15:01:09Z,1.5,1.4,1.4,0,0,0,0,0
2026-05-28,DE_BER,Berlin,Germany,Europe/Berlin,52.52,13.4,14.2,9.0,17.9,0.0,0.0,0.0,open_meteo_forecast,Open-Meteo,2026-05-13T15:01:09Z,-3.8,-4.1,4.1,0,0,0,0,0
2026-05-13,DK_CPH,Copenhagen,Denmark,Europe/Copenhagen,55.68,12.57,9.3,8.1,10.5,3.6,3.6,0.0,open_meteo_forecast,Open-Meteo,2026-05-13T15:01:08Z,0.0,0.0,0.0,0,0,0,0,0
2026-05-14,DK_CPH,Copenhagen,Denmark,Europe/Copenhagen,55.68,12.57,10.7,7.2,13.9,0.0,0.0,0.0,open_meteo_forecast,Open-Meteo,2026-05-13T15:01:08Z,1.4,1.4,1.4,0,0,0,0,0
2026-05-15,DK_CPH,Copenhagen,Denmark,Europe/Copenhagen,55.68,12.57,11.8,8.8,14.9,0.0,0.0,0.0,open_meteo_forecast,Open-Meteo,2026-05-13T15:01:08Z,1.1,1.1,1.1,0,0,0,0,0
2026-05-16,DK_CPH,Copenhagen,Denmark,Europe/Copenhagen,55.68,12.57,10.2,8.4,12.6,2.3,4.2,0.0,open_meteo_forecast,Open-Meteo,2026-05-13T15:01:08Z,-1.6,0.9,0.9,0,0,0,0,0
2026-05-17,DK_CPH,Copenhagen,Denmark,Europe/Copenhagen,55.68,12.57,10.5,8.2,12.6,0.3,0.6,0.0,open_meteo_forecast,Open-Meteo,2026-05-13T15:01:08Z,0.3,-0.2,0.2,0,0,0,0,0
2026-05-18,DK_CPH,Copenhagen,Denmark,Europe/Copenhagen,55.68,12.57,10.6,7.9,13.2,0.0,0.0,0.0,open_meteo_forecast,Open-Meteo,2026-05-13T15:01:08Z,0.1,-1.2,1.2,0,0,0,0,0
2026-05-19,DK_CPH,Copenhagen,Denmark,Europe/Copenhagen,55.68,12.57,12.0,8.4,14.8,0.0,0.0,0.0,open_meteo_forecast,Open-Meteo,2026-05-13T15:01:08Z,1.4,1.8,1.8,0,0,0,0,0
2026-05-20,DK_CPH,Copenhagen,Denmark,Europe/Copenhagen,55.68,12.57,13.7,11.6,16.1,0.0,0.0,0.0,open_meteo_forecast,Open-Meteo,2026-05-13T15:01:08Z,1.7,3.2,3.2,0,0,0,0,0
2026-05-21,DK_CPH,Copenhagen,Denmark,Europe/Copenhagen,55.68,12.57,15.4,11.9,19.0,0.0,0.0,0.0,open_meteo_forecast,Open-Meteo,2026-05-13T15:01:08Z,1.7,4.8,4.8,0,0,0,0,0
2026-05-22,DK_CPH,Copenhagen,Denmark,Europe/Copenhagen,55.68,12.57,16.6,13.4,19.8,0.0,0.0,0.0,open_meteo_forecast,Open-Meteo,2026-05-13T15:01:08Z,1.2,4.6,4.6,0,0,0,0,0
2026-05-23,DK_CPH,Copenhagen,Denmark,Europe/Copenhagen,55.68,12.57,16.8,13.5,20.4,0.0,0.0,0.0,open_meteo_forecast,Open-Meteo,2026-05-13T15:01:08Z,0.2,3.1,3.1,0,0,0,0,0
2026-05-24,DK_CPH,Copenhagen,Denmark,Europe/Copenhagen,55.68,12.57,17.6,13.9,20.9,0.0,0.0,0.0,open_meteo_forecast,Open-Meteo,2026-05-13T15:01:08Z,0.8,2.2,2.2,0,0,0,0,0
2026-05-25,DK_CPH,Copenhagen,Denmark,Europe/Copenhagen,55.68,12.57,17.9,14.9,22.0,0.0,0.0,0.0,open_meteo_forecast,Open-Meteo,2026-05-13T15:01:08Z,0.3,1.3,1.3,0,0,0,0,0
2026-05-26,DK_CPH,Copenhagen,Denmark,Europe/Copenhagen,55.68,12.57,16.2,12.7,19.1,0.0,0.0,0.0,open_meteo_forecast,Open-Meteo,2026-05-13T15:01:08Z,-1.7,-0.6,0.6,0,0,0,0,0
2026-05-27,DK_CPH,Copenhagen,Denmark,Europe/Copenhagen,55.68,12.57,15.8,13.4,18.9,0.0,0.0,0.0,open_meteo_forecast,Open-Meteo,2026-05-13T15:01:08Z,-0.4,-1.8,1.8,0,0,0,0,0
2026-05-28,DK_CPH,Copenhagen,Denmark,Europe/Copenhagen,55.68,12.57,11.9,8.6,14.3,0.0,0.0,0.0,open_meteo_forecast,Open-Meteo,2026-05-13T15:01:08Z,-3.9,-6.0,6.0,1,0,1,1,0
2026-05-13,EE_TLL,Tallinn,Estonia,Europe/Tallinn,59.44,24.75,13.3,9.1,16.8,6.8,6.8,0.0,open_meteo_forecast,Open-Meteo,2026-05-13T15:01:07Z,0.0,0.0,0.0,0,0,0,0,0
2026-05-14,EE_TLL,Tallinn,Estonia,Europe/Tallinn,59.44,24.75,11.8,7.9,16.5,1.8,1.8,0.0,open_meteo_forecast,Open-Meteo,2026-05-13T15:01:07Z,-1.5,-1.5,1.5,0,0,0,0,0
2026-05-15,EE_TLL,Tallinn,Estonia,Europe/Tallinn,59.44,24.75,15.2,10.9,19.6,0.0,0.0,0.0,open_meteo_forecast,Open-Meteo,2026-05-13T15:01:07Z,3.4,3.4,3.4,0,0,0,0,0
2026-05-16,EE_TLL,Tallinn,Estonia,Europe/Tallinn,59.44,24.75,12.8,7.6,20.4,1.0,5.0,0.0,open_meteo_forecast,Open-Meteo,2026-05-13T15:01:07Z,-2.4,-0.5,0.5,0,0,0,0,0
2026-05-17,EE_TLL,Tallinn,Estonia,Europe/Tallinn,59.44,24.75,10.5,7.2,14.3,0.0,0.0,0.0,open_meteo_forecast,Open-Meteo,2026-05-13T15:01:07Z,-2.3,-1.3,1.3,0,0,0,0,0
2026-05-18,EE_TLL,Tallinn,Estonia,Europe/Tallinn,59.44,24.75,13.1,8.1,18.0,0.3,1.2,0.0,open_meteo_forecast,Open-Meteo,2026-05-13T15:01:07Z,2.6,-2.1,2.1,0,0,0,0,0
2026-05-19,EE_TLL,Tallinn,Estonia,Europe/Tallinn,59.44,24.75,13.5,10.4,15.9,0.9,2.7,0.0,open_meteo_forecast,Open-Meteo,2026-05-13T15:01:07Z,0.4,0.7,0.7,0,0,0,0,0
2026-05-20,EE_TLL,Tallinn,Estonia,Europe/Tallinn,59.44,24.75,14.4,11.2,19.5,0.0,0.0,0.0,open_meteo_forecast,Open-Meteo,2026-05-13T15:01:07Z,0.9,3.9,3.9,0,0,0,0,0
2026-05-21,EE_TLL,Tallinn,Estonia,Europe/Tallinn,59.44,24.75,14.0,9.8,18.5,0.0,0.0,0.0,open_meteo_forecast,Open-Meteo,2026-05-13T15:01:07Z,-0.4,0.9,0.9,0,0,0,0,0
2026-05-22,EE_TLL,Tallinn,Estonia,Europe/Tallinn,59.44,24.75,15.0,9.4,19.7,0.0,0.0,0.0,open_meteo_forecast,Open-Meteo,2026-05-13T15:01:07Z,1.0,1.5,1.5,0,0,0,0,0
2026-05-23,EE_TLL,Tallinn,Estonia,Europe/Tallinn,59.44,24.75,15.0,11.1,18.9,0.0,0.6,0.0,open_meteo_forecast,Open-Meteo,2026-05-13T15:01:07Z,0.0,0.6,0.6,0,0,0,0,0
2026-05-24,EE_TLL,Tallinn,Estonia,Europe/Tallinn,59.44,24.75,13.6,10.9,17.1,0.0,0.0,0.0,open_meteo_forecast,Open-Meteo,2026-05-13T15:01:07Z,-1.4,-0.4,0.4,0,0,0,0,0
2026-05-25,EE_TLL,Tallinn,Estonia,Europe/Tallinn,59.44,24.75,12.5,9.7,15.9,0.6,0.6,0.0,open_meteo_forecast,Open-Meteo,2026-05-13T15:01:07Z,-1.1,-2.5,2.5,0,0,0,0,0
2026-05-26,EE_TLL,Tallinn,Estonia,Europe/Tallinn,59.44,24.75,14.5,10.8,18.3,0.0,0.0,0.0,open_meteo_forecast,Open-Meteo,2026-05-13T15:01:07Z,2.0,-0.5,0.5,0,0,0,0,0
2026-05-27,EE_TLL,Tallinn,Estonia,Europe/Tallinn,59.44,24.75,16.5,14.1,18.7,1.8,4.8,0.0,open_meteo_forecast,Open-Meteo,2026-05-13T15:01:07Z,2.0,2.9,2.9,0,0,0,0,0
2026-05-28,EE_TLL,Tallinn,Estonia,Europe/Tallinn,59.44,24.75,11.4,7.9,14.9,0.0,0.0,0.0,open_meteo_forecast,Open-Meteo,2026-05-13T15:01:07Z,-5.1,-1.1,1.1,0,0,0,0,0
2026-05-13,ES_MAD,Madrid,Spain,Europe/Madrid,40.42,-3.7,14.4,10.0,19.6,0.1,0.8,0.0,open_meteo_forecast,Open-Meteo,2026-05-13T15:01:14Z,0.0,0.0,0.0,0,0,0,0,0
2026-05-14,ES_MAD,Madrid,Spain,Europe/Madrid,40.42,-3.7,15.4,9.8,20.9,0.0,0.0,0.0,open_meteo_forecast,Open-Meteo,2026-05-13T15:01:14Z,1.0,1.0,1.0,0,0,0,0,0
2026-05-15,ES_MAD,Madrid,Spain,Europe/Madrid,40.42,-3.7,13.8,10.6,17.0,0.0,0.5,0.0,open_meteo_forecast,Open-Meteo,2026-05-13T15:01:14Z,-1.6,-1.6,1.6,0,0,0,0,0
2026-05-16,ES_MAD,Madrid,Spain,Europe/Madrid,40.42,-3.7,13.2,6.5,19.5,0.0,0.0,0.0,open_meteo_forecast,Open-Meteo,2026-05-13T15:01:14Z,-0.6,-1.2,1.2,0,0,0,0,0
2026-05-17,ES_MAD,Madrid,Spain,Europe/Madrid,40.42,-3.7,15.3,11.5,19.3,0.0,0.0,0.0,open_meteo_forecast,Open-Meteo,2026-05-13T15:01:14Z,2.1,-0.1,0.1,0,0,0,0,0
2026-05-18,ES_MAD,Madrid,Spain,Europe/Madrid,40.42,-3.7,16.4,9.3,22.8,0.0,0.0,0.0,open_meteo_forecast,Open-Meteo,2026-05-13T15:01:14Z,1.1,2.6,2.6,0,0,0,0,0
2026-05-19,ES_MAD,Madrid,Spain,Europe/Madrid,40.42,-3.7,18.7,11.9,24.9,0.0,0.0,0.0,open_meteo_forecast,Open-Meteo,2026-05-13T15:01:14Z,2.3,5.5,5.5,0,0,1,0,1
2026-05-20,ES_MAD,Madrid,Spain,Europe/Madrid,40.42,-3.7,21.4,12.9,28.3,0.0,0.0,0.0,open_meteo_forecast,Open-Meteo,2026-05-13T15:01:14Z,2.7,6.1,6.1,0,0,1,0,1
2026-05-21,ES_MAD,Madrid,Spain,Europe/Madrid,40.42,-3.7,23.2,15.4,29.6,0.0,0.0,0.0,open_meteo_forecast,Open-Meteo,2026-05-13T15:01:14Z,1.8,6.8,6.8,0,1,1,0,1
2026-05-22,ES_MAD,Madrid,Spain,Europe/Madrid,40.42,-3.7,24.5,16.9,30.9,0.0,0.0,0.0,open_meteo_forecast,Open-Meteo,2026-05-13T15:01:14Z,1.3,5.8,5.8,0,0,1,0,1
2026-05-23,ES_MAD,Madrid,Spain,Europe/Madrid,40.42,-3.7,25.1,18.0,30.7,0.0,0.3,0.0,open_meteo_forecast,Open-Meteo,2026-05-13T15:01:14Z,0.6,3.7,3.7,0,0,0,0,0
2026-05-24,ES_MAD,Madrid,Spain,Europe/Madrid,40.42,-3.7,25.2,17.8,31.2,0.0,0.3,0.0,open_meteo_forecast,Open-Meteo,2026-05-13T15:01:14Z,0.1,2.0,2.0,0,0,0,0,0
2026-05-25,ES_MAD,Madrid,Spain,Europe/Madrid,40.42,-3.7,26.9,19.0,33.3,0.0,0.0,0.0,open_meteo_forecast,Open-Meteo,2026-05-13T15:01:14Z,1.7,2.4,2.4,0,1,0,0,0
2026-05-26,ES_MAD,Madrid,Spain,Europe/Madrid,40.42,-3.7,27.7,20.8,33.2,0.0,0.0,0.0,open_meteo_forecast,Open-Meteo,2026-05-13T15:01:14Z,0.8,2.6,2.6,0,1,0,0,0
2026-05-27,ES_MAD,Madrid,Spain,Europe/Madrid,40.42,-3.7,25.1,21.6,28.0,0.0,0.0,0.0,open_meteo_forecast,Open-Meteo,2026-05-13T15:01:14Z,-2.6,-0.1,0.1,0,0,0,0,0
2026-05-28,ES_MAD,Madrid,Spain,Europe/Madrid,40.42,-3.7,26.6,21.4,32.5,0.0,0.0,0.0,open_meteo_forecast,Open-Meteo,2026-05-13T15:01:14Z,1.5,-0.3,0.3,0,0,0,0,0
2026-05-13,FI_HEL,Helsinki,Finland,Europe/Helsinki,60.17,24.94,13.1,10.0,16.1,4.1,4.1,0.0,open_meteo_forecast,Open-Meteo,2026-05-13T15:01:04Z,0.0,0.0,0.0,0,0,0,0,0
2026-05-14,FI_HEL,Helsinki,Finland,Europe/Helsinki,60.17,24.94,10.3,8.1,13.7,6.1,6.1,0.0,open_meteo_forecast,Open-Meteo,2026-05-13T15:01:04Z,-2.8,-2.8,2.8,0,0,0,0,0
2026-05-15,FI_HEL,Helsinki,Finland,Europe/Helsinki,60.17,24.94,13.1,9.7,17.1,0.0,0.0,0.0,open_meteo_forecast,Open-Meteo,2026-05-13T15:01:04Z,2.8,2.8,2.8,0,0,0,0,0
2026-05-16,FI_HEL,Helsinki,Finland,Europe/Helsinki,60.17,24.94,12.0,7.2,16.5,0.0,0.0,0.0,open_meteo_forecast,Open-Meteo,2026-05-13T15:01:04Z,-1.1,-1.1,1.1,0,0,0,0,0
2026-05-17,FI_HEL,Helsinki,Finland,Europe/Helsinki,60.17,24.94,10.2,6.6,13.2,0.0,0.0,0.0,open_meteo_forecast,Open-Meteo,2026-05-13T15:01:04Z,-1.8,-0.1,0.1,0,0,0,0,0
2026-05-18,FI_HEL,Helsinki,Finland,Europe/Helsinki,60.17,24.94,16.2,10.1,21.3,0.0,0.0,0.0,open_meteo_forecast,Open-Meteo,2026-05-13T15:01:04Z,6.0,3.1,3.1,0,0,0,0,0
2026-05-19,FI_HEL,Helsinki,Finland,Europe/Helsinki,60.17,24.94,16.3,13.8,18.7,0.6,1.8,0.0,open_meteo_forecast,Open-Meteo,2026-05-13T15:01:04Z,0.1,4.3,4.3,0,0,0,0,0
2026-05-20,FI_HEL,Helsinki,Finland,Europe/Helsinki,60.17,24.94,16.7,12.2,21.6,0.0,0.0,0.0,open_meteo_forecast,Open-Meteo,2026-05-13T15:01:04Z,0.4,6.5,6.5,0,0,1,0,1
2026-05-21,FI_HEL,Helsinki,Finland,Europe/Helsinki,60.17,24.94,15.1,12.3,17.6,0.0,0.0,0.0,open_meteo_forecast,Open-Meteo,2026-05-13T15:01:04Z,-1.6,-1.1,1.1,0,0,0,0,0
2026-05-22,FI_HEL,Helsinki,Finland,Europe/Helsinki,60.17,24.94,16.1,11.6,18.5,0.0,0.0,0.0,open_meteo_forecast,Open-Meteo,2026-05-13T15:01:04Z,1.0,-0.2,0.2,0,0,0,0,0
2026-05-23,FI_HEL,Helsinki,Finland,Europe/Helsinki,60.17,24.94,15.0,13.2,18.5,1.2,1.2,0.0,open_meteo_forecast,Open-Meteo,2026-05-13T15:01:04Z,-1.1,-1.7,1.7,0,0,0,0,0
2026-05-24,FI_HEL,Helsinki,Finland,Europe/Helsinki,60.17,24.94,15.0,12.1,17.4,0.0,0.6,0.0,open_meteo_forecast,Open-Meteo,2026-05-13T15:01:04Z,0.0,-0.1,0.1,0,0,0,0,0
2026-05-25,FI_HEL,Helsinki,Finland,Europe/Helsinki,60.17,24.94,14.4,10.6,18.1,0.0,0.0,0.0,open_meteo_forecast,Open-Meteo,2026-05-13T15:01:04Z,-0.6,-1.7,1.7,0,0,0,0,0
2026-05-26,FI_HEL,Helsinki,Finland,Europe/Helsinki,60.17,24.94,16.8,12.3,19.7,0.0,0.0,0.0,open_meteo_forecast,Open-Meteo,2026-05-13T15:01:04Z,2.4,1.8,1.8,0,0,0,0,0
2026-05-27,FI_HEL,Helsinki,Finland,Europe/Helsinki,60.17,24.94,15.4,13.2,18.0,2.2,9.2,0.0,open_meteo_forecast,Open-Meteo,2026-05-13T15:01:04Z,-1.4,0.4,0.4,0,0,0,0,0
2026-05-28,FI_HEL,Helsinki,Finland,Europe/Helsinki,60.17,24.94,14.5,8.8,18.4,0.5,1.75,0.0,open_meteo_forecast,Open-Meteo,2026-05-13T15:01:04Z,-0.9,0.1,0.1,0,0,0,0,0
2026-05-13,FR_PAR,Paris,France,Europe/Paris,48.86,2.35,12.1,10.2,15.4,6.5,6.5,0.0,open_meteo_forecast,Open-Meteo,2026-05-13T15:01:12Z,0.0,0.0,0.0,0,0,0,0,0
2026-05-14,FR_PAR,Paris,France,Europe/Paris,48.86,2.35,10.2,7.9,12.3,10.3,10.5,0.0,open_meteo_forecast,Open-Meteo,2026-05-13T15:01:12Z,-1.9,-1.9,1.9,0,0,0,0,0
2026-05-15,FR_PAR,Paris,France,Europe/Paris,48.86,2.35,10.4,7.0,14.1,0.0,0.8,0.0,open_meteo_forecast,Open-Meteo,2026-05-13T15:01:12Z,0.2,0.2,0.2,0,0,0,0,0
2026-05-16,FR_PAR,Paris,France,Europe/Paris,48.86,2.35,11.4,6.0,16.4,0.0,0.7,0.0,open_meteo_forecast,Open-Meteo,2026-05-13T15:01:12Z,1.0,-0.7,0.7,0,0,0,0,0
2026-05-17,FR_PAR,Paris,France,Europe/Paris,48.86,2.35,13.4,9.8,16.5,2.4,4.8,0.0,open_meteo_forecast,Open-Meteo,2026-05-13T15:01:12Z,2.0,3.2,3.2,0,0,0,0,0
2026-05-18,FR_PAR,Paris,France,Europe/Paris,48.86,2.35,13.8,9.5,18.1,0.0,0.0,0.0,open_meteo_forecast,Open-Meteo,2026-05-13T15:01:12Z,0.4,3.4,3.4,0,0,0,0,0
2026-05-19,FR_PAR,Paris,France,Europe/Paris,48.86,2.35,15.9,10.5,21.5,0.0,0.3,0.0,open_meteo_forecast,Open-Meteo,2026-05-13T15:01:12Z,2.1,4.5,4.5,0,0,0,0,0
2026-05-20,FR_PAR,Paris,France,Europe/Paris,48.86,2.35,17.6,14.4,21.6,0.0,0.0,0.0,open_meteo_forecast,Open-Meteo,2026-05-13T15:01:12Z,1.7,4.2,4.2,0,0,0,0,0
2026-05-21,FR_PAR,Paris,France,Europe/Paris,48.86,2.35,17.6,12.9,22.4,0.0,0.0,0.0,open_meteo_forecast,Open-Meteo,2026-05-13T15:01:12Z,0.0,3.8,3.8,0,0,0,0,0
2026-05-22,FR_PAR,Paris,France,Europe/Paris,48.86,2.35,19.8,14.2,25.5,0.0,0.0,0.0,open_meteo_forecast,Open-Meteo,2026-05-13T15:01:12Z,2.2,3.9,3.9,0,0,0,0,0
2026-05-23,FR_PAR,Paris,France,Europe/Paris,48.86,2.35,21.0,15.9,26.1,0.0,0.0,0.0,open_meteo_forecast,Open-Meteo,2026-05-13T15:01:12Z,1.2,3.4,3.4,0,0,0,0,0
2026-05-24,FR_PAR,Paris,France,Europe/Paris,48.86,2.35,21.4,16.8,26.2,0.0,0.0,0.0,open_meteo_forecast,Open-Meteo,2026-05-13T15:01:12Z,0.4,3.8,3.8,0,0,0,0,0
2026-05-25,FR_PAR,Paris,France,Europe/Paris,48.86,2.35,21.2,15.3,26.9,0.0,0.0,0.0,open_meteo_forecast,Open-Meteo,2026-05-13T15:01:12Z,-0.2,1.4,1.4,0,0,0,0,0
2026-05-26,FR_PAR,Paris,France,Europe/Paris,48.86,2.35,22.5,17.0,27.9,0.0,0.0,0.0,open_meteo_forecast,Open-Meteo,2026-05-13T15:01:12Z,1.3,1.5,1.5,0,0,0,0,0
2026-05-27,FR_PAR,Paris,France,Europe/Paris,48.86,2.35,23.0,18.2,29.7,1.2,3.3,0.0,open_meteo_forecast,Open-Meteo,2026-05-13T15:01:12Z,0.5,1.6,1.6,0,0,0,0,0
2026-05-28,FR_PAR,Paris,France,Europe/Paris,48.86,2.35,17.4,11.7,22.2,0.6,1.35,0.0,open_meteo_forecast,Open-Meteo,2026-05-13T15:01:12Z,-5.6,-3.8,3.8,0,0,0,0,0
2026-05-13,IT_MIL,Milan,Italy,Europe/Rome,45.46,9.19,15.8,11.6,20.4,0.0,0.0,0.0,open_meteo_forecast,Open-Meteo,2026-05-13T15:01:13Z,0.0,0.0,0.0,0,0,0,0,0
2026-05-14,IT_MIL,Milan,Italy,Europe/Rome,45.46,9.19,14.4,11.4,21.0,34.7,35.3,0.0,open_meteo_forecast,Open-Meteo,2026-05-13T15:01:13Z,-1.4,-1.4,1.4,0,0,1,0,0
2026-05-15,IT_MIL,Milan,Italy,Europe/Rome,45.46,9.19,12.1,8.6,15.5,2.68,11.32,0.0,open_meteo_forecast,Open-Meteo,2026-05-13T15:01:13Z,-2.3,-2.3,2.3,0,0,0,0,0
2026-05-16,IT_MIL,Milan,Italy,Europe/Rome,45.46,9.19,14.9,10.0,21.4,1.5,1.8,0.0,open_meteo_forecast,Open-Meteo,2026-05-13T15:01:13Z,2.8,-0.9,0.9,0,0,0,0,0
2026-05-17,IT_MIL,Milan,Italy,Europe/Rome,45.46,9.19,16.8,11.6,22.6,0.0,0.0,0.0,open_meteo_forecast,Open-Meteo,2026-05-13T15:01:13Z,1.9,2.4,2.4,0,0,0,0,0
2026-05-18,IT_MIL,Milan,Italy,Europe/Rome,45.46,9.19,17.4,12.2,22.5,0.0,0.0,0.0,open_meteo_forecast,Open-Meteo,2026-05-13T15:01:13Z,0.6,5.3,5.3,0,0,1,0,1
2026-05-19,IT_MIL,Milan,Italy,Europe/Rome,45.46,9.19,18.9,12.3,24.7,0.0,0.0,0.0,open_meteo_forecast,Open-Meteo,2026-05-13T15:01:13Z,1.5,4.0,4.0,0,0,0,0,0
2026-05-20,IT_MIL,Milan,Italy,Europe/Rome,45.46,9.19,20.1,15.3,24.6,0.0,0.0,0.0,open_meteo_forecast,Open-Meteo,2026-05-13T15:01:13Z,1.2,3.3,3.3,0,0,0,0,0
2026-05-21,IT_MIL,Milan,Italy,Europe/Rome,45.46,9.19,21.3,17.0,25.5,0.6,0.6,0.0,open_meteo_forecast,Open-Meteo,2026-05-13T15:01:13Z,1.2,3.9,3.9,0,0,0,0,0
2026-05-22,IT_MIL,Milan,Italy,Europe/Rome,45.46,9.19,22.5,18.0,27.2,0.0,0.0,0.0,open_meteo_forecast,Open-Meteo,2026-05-13T15:01:13Z,1.2,3.6,3.6,0,0,0,0,0
2026-05-23,IT_MIL,Milan,Italy,Europe/Rome,45.46,9.19,22.9,18.9,27.5,0.6,1.2,0.0,open_meteo_forecast,Open-Meteo,2026-05-13T15:01:13Z,0.4,2.8,2.8,0,0,0,0,0
2026-05-24,IT_MIL,Milan,Italy,Europe/Rome,45.46,9.19,23.3,18.6,27.8,0.0,0.0,0.0,open_meteo_forecast,Open-Meteo,2026-05-13T15:01:13Z,0.4,2.0,2.0,0,0,0,0,0
2026-05-25,IT_MIL,Milan,Italy,Europe/Rome,45.46,9.19,22.9,18.2,27.3,0.0,0.0,0.0,open_meteo_forecast,Open-Meteo,2026-05-13T15:01:13Z,-0.4,0.4,0.4,0,0,0,0,0
2026-05-26,IT_MIL,Milan,Italy,Europe/Rome,45.46,9.19,23.9,19.3,28.7,0.0,0.0,0.0,open_meteo_forecast,Open-Meteo,2026-05-13T15:01:13Z,1.0,1.0,1.0,0,0,0,0,0
2026-05-27,IT_MIL,Milan,Italy,Europe/Rome,45.46,9.19,23.5,19.4,27.4,0.0,0.0,0.0,open_meteo_forecast,Open-Meteo,2026-05-13T15:01:13Z,-0.4,0.2,0.2,0,0,0,0,0
2026-05-28,IT_MIL,Milan,Italy,Europe/Rome,45.46,9.19,22.7,19.7,26.2,0.0,0.3,0.0,open_meteo_forecast,Open-Meteo,2026-05-13T15:01:13Z,-0.8,-0.2,0.2,0,0,0,0,0
2026-05-13,NL_AMS,Amsterdam,Netherlands,Europe/Amsterdam,52.37,4.9,10.9,8.9,12.8,2.1,2.1,0.0,open_meteo_forecast,Open-Meteo,2026-05-13T15:01:11Z,0.0,0.0,0.0,0,0,0,0,0
2026-05-14,NL_AMS,Amsterdam,Netherlands,Europe/Amsterdam,52.37,4.9,10.2,8.1,13.0,6.0,6.0,0.0,open_meteo_forecast,Open-Meteo,2026-05-13T15:01:11Z,-0.7,-0.7,0.7,0,0,0,0,0
2026-05-15,NL_AMS,Amsterdam,Netherlands,Europe/Amsterdam,52.37,4.9,9.1,8.2,10.1,8.3,8.3,0.0,open_meteo_forecast,Open-Meteo,2026-05-13T15:01:11Z,-1.1,-1.1,1.1,0,0,0,0,0
2026-05-16,NL_AMS,Amsterdam,Netherlands,Europe/Amsterdam,52.37,4.9,9.4,6.2,11.9,0.42,1.53,0.0,open_meteo_forecast,Open-Meteo,2026-05-13T15:01:11Z,0.3,-1.5,1.5,0,0,0,0,0
2026-05-17,NL_AMS,Amsterdam,Netherlands,Europe/Amsterdam,52.37,4.9,10.8,6.6,14.0,0.6,0.6,0.0,open_meteo_forecast,Open-Meteo,2026-05-13T15:01:11Z,1.4,0.6,0.6,0,0,0,0,0
2026-05-18,NL_AMS,Amsterdam,Netherlands,Europe/Amsterdam,52.37,4.9,11.9,9.9,13.9,3.3,6.6,0.0,open_meteo_forecast,Open-Meteo,2026-05-13T15:01:11Z,1.1,2.8,2.8,0,0,0,0,0
2026-05-19,NL_AMS,Amsterdam,Netherlands,Europe/Amsterdam,52.37,4.9,13.2,7.8,17.8,0.0,0.3,0.0,open_meteo_forecast,Open-Meteo,2026-05-13T15:01:11Z,1.3,3.8,3.8,0,0,0,0,0
2026-05-20,NL_AMS,Amsterdam,Netherlands,Europe/Amsterdam,52.37,4.9,15.7,12.9,19.1,0.0,0.3,0.0,open_meteo_forecast,Open-Meteo,2026-05-13T15:01:11Z,2.5,4.9,4.9,0,0,0,0,0
2026-05-21,NL_AMS,Amsterdam,Netherlands,Europe/Amsterdam,52.37,4.9,16.9,12.1,22.0,0.0,0.0,0.0,open_meteo_forecast,Open-Meteo,2026-05-13T15:01:11Z,1.2,5.0,5.0,0,0,1,0,1
2026-05-22,NL_AMS,Amsterdam,Netherlands,Europe/Amsterdam,52.37,4.9,18.3,13.8,22.9,0.0,0.0,0.0,open_meteo_forecast,Open-Meteo,2026-05-13T15:01:11Z,1.4,5.1,5.1,0,0,1,0,1
2026-05-23,NL_AMS,Amsterdam,Netherlands,Europe/Amsterdam,52.37,4.9,17.7,13.8,22.9,0.0,0.0,0.0,open_meteo_forecast,Open-Meteo,2026-05-13T15:01:11Z,-0.6,2.0,2.0,0,0,0,0,0
2026-05-24,NL_AMS,Amsterdam,Netherlands,Europe/Amsterdam,52.37,4.9,17.5,12.2,22.5,0.0,0.0,0.0,open_meteo_forecast,Open-Meteo,2026-05-13T15:01:11Z,-0.2,0.6,0.6,0,0,0,0,0
2026-05-25,NL_AMS,Amsterdam,Netherlands,Europe/Amsterdam,52.37,4.9,20.2,15.2,25.3,0.0,0.0,0.0,open_meteo_forecast,Open-Meteo,2026-05-13T15:01:11Z,2.7,1.9,1.9,0,0,0,0,0
2026-05-26,NL_AMS,Amsterdam,Netherlands,Europe/Amsterdam,52.37,4.9,22.0,16.8,27.1,0.0,0.0,0.0,open_meteo_forecast,Open-Meteo,2026-05-13T15:01:11Z,1.8,4.3,4.3,0,0,0,0,0
2026-05-27,NL_AMS,Amsterdam,Netherlands,Europe/Amsterdam,52.37,4.9,23.2,18.4,28.0,0.0,0.0,0.0,open_meteo_forecast,Open-Meteo,2026-05-13T15:01:11Z,1.2,5.7,5.7,0,0,1,0,1
2026-05-28,NL_AMS,Amsterdam,Netherlands,Europe/Amsterdam,52.37,4.9,15.6,8.2,21.7,0.0,0.0,0.0,open_meteo_forecast,Open-Meteo,2026-05-13T15:01:11Z,-7.6,-4.6,4.6,0,0,0,0,0
2026-05-13,PL_WAW,Warsaw,Poland,Europe/Warsaw,52.23,21.01,9.8,6.0,13.6,0.0,0.0,0.0,open_meteo_forecast,Open-Meteo,2026-05-13T15:01:10Z,0.0,0.0,0.0,0,0,0,0,0
2026-05-14,PL_WAW,Warsaw,Poland,Europe/Warsaw,52.23,21.01,13.6,8.1,19.2,1.0,1.0,0.0,open_meteo_forecast,Open-Meteo,2026-05-13T15:01:10Z,3.8,3.8,3.8,0,0,0,0,0
2026-05-15,PL_WAW,Warsaw,Poland,Europe/Warsaw,52.23,21.01,14.4,10.9,20.3,6.98,7.03,0.0,open_meteo_forecast,Open-Meteo,2026-05-13T15:01:10Z,0.8,0.8,0.8,0,0,0,0,0
2026-05-16,PL_WAW,Warsaw,Poland,Europe/Warsaw,52.23,21.01,11.1,8.2,13.5,2.9,8.1,0.0,open_meteo_forecast,Open-Meteo,2026-05-13T15:01:10Z,-3.3,1.3,1.3,0,0,0,0,0
2026-05-17,PL_WAW,Warsaw,Poland,Europe/Warsaw,52.23,21.01,11.6,9.0,13.4,3.0,9.6,0.0,open_meteo_forecast,Open-Meteo,2026-05-13T15:01:10Z,0.5,-2.0,2.0,0,0,0,0,0
2026-05-18,PL_WAW,Warsaw,Poland,Europe/Warsaw,52.23,21.01,13.0,7.1,18.7,0.3,0.3,0.0,open_meteo_forecast,Open-Meteo,2026-05-13T15:01:10Z,1.4,-1.4,1.4,0,0,0,0,0
2026-05-19,PL_WAW,Warsaw,Poland,Europe/Warsaw,52.23,21.01,13.9,8.1,20.2,1.2,1.2,0.0,open_meteo_forecast,Open-Meteo,2026-05-13T15:01:10Z,0.9,2.8,2.8,0,0,0,0,0
2026-05-20,PL_WAW,Warsaw,Poland,Europe/Warsaw,52.23,21.01,15.3,11.1,20.2,0.0,0.0,0.0,open_meteo_forecast,Open-Meteo,2026-05-13T15:01:10Z,1.4,3.7,3.7,0,0,0,0,0
2026-05-21,PL_WAW,Warsaw,Poland,Europe/Warsaw,52.23,21.01,16.1,11.0,21.4,0.0,0.0,0.0,open_meteo_forecast,Open-Meteo,2026-05-13T15:01:10Z,0.8,3.1,3.1,0,0,0,0,0
2026-05-22,PL_WAW,Warsaw,Poland,Europe/Warsaw,52.23,21.01,16.7,12.2,21.6,0.0,0.0,0.0,open_meteo_forecast,Open-Meteo,2026-05-13T15:01:10Z,0.6,2.8,2.8,0,0,0,0,0
2026-05-23,PL_WAW,Warsaw,Poland,Europe/Warsaw,52.23,21.01,16.9,12.9,21.2,0.0,1.2,0.0,open_meteo_forecast,Open-Meteo,2026-05-13T15:01:10Z,0.2,1.6,1.6,0,0,0,0,0
2026-05-24,PL_WAW,Warsaw,Poland,Europe/Warsaw,52.23,21.01,16.0,13.4,19.4,0.6,1.8,0.0,open_meteo_forecast,Open-Meteo,2026-05-13T15:01:10Z,-0.9,-0.1,0.1,0,0,0,0,0
2026-05-25,PL_WAW,Warsaw,Poland,Europe/Warsaw,52.23,21.01,12.8,9.4,16.5,0.0,0.0,0.0,open_meteo_forecast,Open-Meteo,2026-05-13T15:01:10Z,-3.2,-3.9,3.9,0,0,0,0,0
2026-05-26,PL_WAW,Warsaw,Poland,Europe/Warsaw,52.23,21.01,11.0,8.4,13.6,5.7,13.5,0.0,open_meteo_forecast,Open-Meteo,2026-05-13T15:01:10Z,-1.8,-5.9,5.9,0,0,1,1,0
2026-05-27,PL_WAW,Warsaw,Poland,Europe/Warsaw,52.23,21.01,14.5,10.0,18.8,2.1,3.9,0.0,open_meteo_forecast,Open-Meteo,2026-05-13T15:01:10Z,3.5,-1.5,1.5,0,0,0,0,0
2026-05-28,PL_WAW,Warsaw,Poland,Europe/Warsaw,52.23,21.01,12.9,8.5,16.7,0.0,0.0,0.0,open_meteo_forecast,Open-Meteo,2026-05-13T15:01:10Z,-1.6,0.1,0.1,0,0,0,0,0
2026-05-13,RO_BUC,Bucharest,Romania,Europe/Bucharest,44.43,26.1,14.4,11.5,17.0,0.4,0.4,0.0,open_meteo_forecast,Open-Meteo,2026-05-13T15:01:14Z,0.0,0.0,0.0,0,0,0,0,0
2026-05-14,RO_BUC,Bucharest,Romania,Europe/Bucharest,44.43,26.1,14.7,10.7,19.0,0.1,0.1,0.0,open_meteo_forecast,Open-Meteo,2026-05-13T15:01:14Z,0.3,0.3,0.3,0,0,0,0,0
2026-05-15,RO_BUC,Bucharest,Romania,Europe/Bucharest,44.43,26.1,17.7,10.6,24.1,0.0,0.0,0.0,open_meteo_forecast,Open-Meteo,2026-05-13T15:01:14Z,3.0,3.0,3.0,0,0,0,0,0
2026-05-16,RO_BUC,Bucharest,Romania,Europe/Bucharest,44.43,26.1,20.1,13.4,26.1,0.0,0.1,0.0,open_meteo_forecast,Open-Meteo,2026-05-13T15:01:14Z,2.4,5.7,5.7,0,0,1,0,1
2026-05-17,RO_BUC,Bucharest,Romania,Europe/Bucharest,44.43,26.1,16.0,12.9,20.3,4.8,8.1,0.0,open_meteo_forecast,Open-Meteo,2026-05-13T15:01:14Z,-4.1,1.3,1.3,0,0,0,0,0
2026-05-18,RO_BUC,Bucharest,Romania,Europe/Bucharest,44.43,26.1,17.0,11.6,22.9,0.0,0.0,0.0,open_meteo_forecast,Open-Meteo,2026-05-13T15:01:14Z,1.0,-0.7,0.7,0,0,0,0,0
2026-05-19,RO_BUC,Bucharest,Romania,Europe/Bucharest,44.43,26.1,15.6,11.3,20.8,0.0,2.7,0.0,open_meteo_forecast,Open-Meteo,2026-05-13T15:01:14Z,-1.4,-4.5,4.5,0,0,0,0,0
2026-05-20,RO_BUC,Bucharest,Romania,Europe/Bucharest,44.43,26.1,15.9,13.4,20.0,4.1,20.7,0.0,open_meteo_forecast,Open-Meteo,2026-05-13T15:01:14Z,0.3,-0.1,0.1,0,0,1,0,0
2026-05-21,RO_BUC,Bucharest,Romania,Europe/Bucharest,44.43,26.1,18.0,15.2,21.3,4.2,9.8,0.0,open_meteo_forecast,Open-Meteo,2026-05-13T15:01:14Z,2.1,1.0,1.0,0,0,0,0,0
2026-05-22,RO_BUC,Bucharest,Romania,Europe/Bucharest,44.43,26.1,17.7,15.0,20.7,4.0,14.2,0.0,open_meteo_forecast,Open-Meteo,2026-05-13T15:01:14Z,-0.3,2.1,2.1,0,0,0,0,0
2026-05-23,RO_BUC,Bucharest,Romania,Europe/Bucharest,44.43,26.1,18.8,15.3,23.1,0.6,0.8,0.0,open_meteo_forecast,Open-Meteo,2026-05-13T15:01:14Z,1.1,2.9,2.9,0,0,0,0,0
2026-05-24,RO_BUC,Bucharest,Romania,Europe/Bucharest,44.43,26.1,17.2,15.1,19.8,2.0,8.4,0.0,open_meteo_forecast,Open-Meteo,2026-05-13T15:01:14Z,-1.6,-0.8,0.8,0,0,0,0,0
2026-05-25,RO_BUC,Bucharest,Romania,Europe/Bucharest,44.43,26.1,17.3,14.4,21.1,1.0,2.2,0.0,open_meteo_forecast,Open-Meteo,2026-05-13T15:01:14Z,0.1,-0.4,0.4,0,0,0,0,0
2026-05-26,RO_BUC,Bucharest,Romania,Europe/Bucharest,44.43,26.1,16.0,14.2,18.0,2.6,8.6,0.0,open_meteo_forecast,Open-Meteo,2026-05-13T15:01:14Z,-1.3,-2.8,2.8,0,0,0,0,0
2026-05-27,RO_BUC,Bucharest,Romania,Europe/Bucharest,44.43,26.1,16.1,14.3,19.1,1.0,6.6,0.0,open_meteo_forecast,Open-Meteo,2026-05-13T15:01:14Z,0.1,-1.1,1.1,0,0,0,0,0
2026-05-28,RO_BUC,Bucharest,Romania,Europe/Bucharest,44.43,26.1,21.5,14.0,27.0,0.0,0.25,0.0,open_meteo_forecast,Open-Meteo,2026-05-13T15:01:14Z,5.4,4.2,4.2,0,0,0,0,0
2026-05-13,SE_STO,Stockholm,Sweden,Europe/Stockholm,59.33,18.07,7.6,6.3,9.2,4.8,4.8,0.0,open_meteo_forecast,Open-Meteo,2026-05-13T15:01:05Z,0.0,0.0,0.0,0,0,0,0,0
2026-05-14,SE_STO,Stockholm,Sweden,Europe/Stockholm,59.33,18.07,9.7,6.6,12.8,0.8,0.8,0.0,open_meteo_forecast,Open-Meteo,2026-05-13T15:01:05Z,2.1,2.1,2.1,0,0,0,0,0
2026-05-15,SE_STO,Stockholm,Sweden,Europe/Stockholm,59.33,18.07,11.5,8.4,15.2,3.33,3.33,0.0,open_meteo_forecast,Open-Meteo,2026-05-13T15:01:05Z,1.8,1.8,1.8,0,0,0,0,0
2026-05-16,SE_STO,Stockholm,Sweden,Europe/Stockholm,59.33,18.07,10.6,7.8,15.5,4.6,9.9,0.0,open_meteo_forecast,Open-Meteo,2026-05-13T15:01:05Z,-0.9,3.0,3.0,0,0,0,0,0
2026-05-17,SE_STO,Stockholm,Sweden,Europe/Stockholm,59.33,18.07,11.1,6.8,14.9,0.0,0.0,0.0,open_meteo_forecast,Open-Meteo,2026-05-13T15:01:05Z,0.5,1.4,1.4,0,0,0,0,0
2026-05-18,SE_STO,Stockholm,Sweden,Europe/Stockholm,59.33,18.07,12.6,6.7,17.4,0.0,0.0,0.0,open_meteo_forecast,Open-Meteo,2026-05-13T15:01:05Z,1.5,1.1,1.1,0,0,0,0,0
2026-05-19,SE_STO,Stockholm,Sweden,Europe/Stockholm,59.33,18.07,13.2,7.7,17.6,0.0,0.0,0.0,open_meteo_forecast,Open-Meteo,2026-05-13T15:01:05Z,0.6,2.6,2.6,0,0,0,0,0
2026-05-20,SE_STO,Stockholm,Sweden,Europe/Stockholm,59.33,18.07,15.4,11.2,19.4,0.0,0.0,0.0,open_meteo_forecast,Open-Meteo,2026-05-13T15:01:05Z,2.2,4.3,4.3,0,0,0,0,0
2026-05-21,SE_STO,Stockholm,Sweden,Europe/Stockholm,59.33,18.07,15.9,11.8,19.3,0.0,1.2,0.0,open_meteo_forecast,Open-Meteo,2026-05-13T15:01:05Z,0.5,3.3,3.3,0,0,0,0,0
2026-05-22,SE_STO,Stockholm,Sweden,Europe/Stockholm,59.33,18.07,18.1,13.0,22.7,0.0,0.0,0.0,open_meteo_forecast,Open-Meteo,2026-05-13T15:01:05Z,2.2,4.9,4.9,0,0,0,0,0
2026-05-23,SE_STO,Stockholm,Sweden,Europe/Stockholm,59.33,18.07,16.2,13.8,18.8,0.6,2.4,0.0,open_meteo_forecast,Open-Meteo,2026-05-13T15:01:05Z,-1.9,0.8,0.8,0,0,0,0,0
2026-05-24,SE_STO,Stockholm,Sweden,Europe/Stockholm,59.33,18.07,13.7,11.5,16.1,0.0,0.0,0.0,open_meteo_forecast,Open-Meteo,2026-05-13T15:01:05Z,-2.5,-2.2,2.2,0,0,0,0,0
2026-05-25,SE_STO,Stockholm,Sweden,Europe/Stockholm,59.33,18.07,14.5,9.6,19.8,0.0,0.0,0.0,open_meteo_forecast,Open-Meteo,2026-05-13T15:01:05Z,0.8,-3.6,3.6,0,0,0,0,0
2026-05-26,SE_STO,Stockholm,Sweden,Europe/Stockholm,59.33,18.07,15.3,9.2,20.0,0.0,0.0,0.0,open_meteo_forecast,Open-Meteo,2026-05-13T15:01:05Z,0.8,-0.9,0.9,0,0,0,0,0
2026-05-27,SE_STO,Stockholm,Sweden,Europe/Stockholm,59.33,18.07,14.5,11.7,16.6,0.0,0.0,0.0,open_meteo_forecast,Open-Meteo,2026-05-13T15:01:05Z,-0.8,0.8,0.8,0,0,0,0,0
2026-05-28,SE_STO,Stockholm,Sweden,Europe/Stockholm,59.33,18.07,12.8,7.5,17.2,0.0,0.0,0.0,open_meteo_forecast,Open-Meteo,2026-05-13T15:01:05Z,-1.7,-1.7,1.7,0,0,0,0,0
