sku,part_name,category,location_id,city,country_code,climate_zone,segment_name,current_stock,safety_stock,optimal_stock,lead_time_days,supplier_id,supplier_name,supplier_reliability_score,forecast_demand_7d,forecast_demand_14d,forecast_demand_30d,avg_daily_forecast,max_daily_forecast,days_until_stockout,coverage_ratio_horizon,weather_spike_days_in_horizon,cold_snap_days_in_horizon,heatwave_days_in_horizon,payday_window_days_in_horizon,recommended_action,recommended_qty,priority,explanation
PEU-WF-WINTER-5L,Lichid parbriz iarna -20C 5L,winter_fluids,FI_HEL,Helsinki,Finland,Nordic,promotion_travel_sensitive,164,80,160,14,SUP-FLUIDS-EU,EuroFluids Logistics,0.93,315.09,621.15,1313.79,43.793,46.43,3.74,0.125,0,30,0,3,order,836,high,Risc stockout: 3.7 zile acoperire vs lead time 14 zile.
PEU-WF-WINTER-5L,Lichid parbriz iarna -20C 5L,winter_fluids,SE_STO,Stockholm,Sweden,Nordic,promotion_travel_sensitive,178,80,160,14,SUP-FLUIDS-EU,EuroFluids Logistics,0.93,287.9,578.8,1224.55,40.818,43.549,4.36,0.145,0,14,0,3,order,760,high,Risc stockout: 4.4 zile acoperire vs lead time 14 zile.
PEU-WF-WINTER-5L,Lichid parbriz iarna -20C 5L,winter_fluids,EE_TLL,Tallinn,Estonia,Nordic,promotion_travel_sensitive,192,80,160,14,SUP-FLUIDS-EU,EuroFluids Logistics,0.93,305.4,597.08,1261.6,42.053,45.74,4.57,0.152,0,23,0,6,order,772,high,Risc stockout: 4.6 zile acoperire vs lead time 14 zile.
PEU-WINTER-TIRE-205,Anvelopa iarna 205/55R16,tires,FI_HEL,Helsinki,Finland,Nordic,winter_weather_sensitive,123,22,44,21,SUP-TIRES-PL,Central Europe Tyres,0.89,98.3,196.9,421.46,14.049,15.054,8.76,0.292,0,30,0,3,order,293,high,"Risc stockout: 8.8 zile acoperire vs lead time 21 zile. Include fereastra de salariu, unde istoricul are uplift de cerere."
PEU-WINTER-TIRE-205,Anvelopa iarna 205/55R16,tires,SE_STO,Stockholm,Sweden,Nordic,winter_weather_sensitive,127,22,44,21,SUP-TIRES-PL,Central Europe Tyres,0.89,96.46,190.84,396.32,13.211,14.693,9.61,0.32,0,14,0,3,order,265,high,"Risc stockout: 9.6 zile acoperire vs lead time 21 zile. Include fereastra de salariu, unde istoricul are uplift de cerere."
PEU-WINTER-TIRE-205,Anvelopa iarna 205/55R16,tires,EE_TLL,Tallinn,Estonia,Nordic,winter_weather_sensitive,132,22,44,21,SUP-TIRES-PL,Central Europe Tyres,0.89,90.48,177.52,369.04,12.301,14.281,10.73,0.358,0,23,0,6,order,235,high,"Risc stockout: 10.7 zile acoperire vs lead time 21 zile. Include fereastra de salariu, unde istoricul are uplift de cerere."
PEU-WF-WINTER-5L,Lichid parbriz iarna -20C 5L,winter_fluids,DE_BER,Berlin,Germany,Central,promotion_travel_sensitive,303,80,160,14,SUP-FLUIDS-EU,EuroFluids Logistics,0.93,213.63,402.35,825.51,27.517,33.152,11.01,0.367,0,0,0,3,order,355,high,Risc stockout: 11.0 zile acoperire vs lead time 14 zile.
PEU-WF-WINTER-5L,Lichid parbriz iarna -20C 5L,winter_fluids,PL_WAW,Warsaw,Poland,Central,promotion_travel_sensitive,314,80,160,14,SUP-FLUIDS-EU,EuroFluids Logistics,0.93,211.07,403.22,822.44,27.415,33.127,11.45,0.382,0,0,0,6,order,342,high,Risc stockout: 11.5 zile acoperire vs lead time 14 zile.
PEU-WF-WINTER-5L,Lichid parbriz iarna -20C 5L,winter_fluids,RO_BUC,Bucharest,Romania,East,promotion_travel_sensitive,322,80,160,14,SUP-FLUIDS-EU,EuroFluids Logistics,0.93,199.37,389.7,823.12,27.437,31.283,11.74,0.391,0,0,0,5,order,335,high,Risc stockout: 11.7 zile acoperire vs lead time 14 zile.
PEU-WF-WINTER-5L,Lichid parbriz iarna -20C 5L,winter_fluids,CZ_PRG,Prague,Czechia,Central,promotion_travel_sensitive,322,80,160,14,SUP-FLUIDS-EU,EuroFluids Logistics,0.93,202.79,387.56,813.46,27.115,32.695,11.88,0.396,0,0,0,6,order,328,high,Risc stockout: 11.9 zile acoperire vs lead time 14 zile.
PEU-WINTER-TIRE-205,Anvelopa iarna 205/55R16,tires,PL_WAW,Warsaw,Poland,Central,winter_weather_sensitive,164,22,44,21,SUP-TIRES-PL,Central Europe Tyres,0.89,70.17,132.85,270.56,9.019,11.124,18.18,0.606,0,0,0,6,order,111,high,"Risc stockout: 18.2 zile acoperire vs lead time 21 zile. Include fereastra de salariu, unde istoricul are uplift de cerere."
PEU-WINTER-TIRE-205,Anvelopa iarna 205/55R16,tires,DE_BER,Berlin,Germany,Central,winter_weather_sensitive,162,22,44,21,SUP-TIRES-PL,Central Europe Tyres,0.89,66.01,125.15,259.24,8.641,10.84,18.75,0.625,0,0,0,3,order,102,high,"Risc stockout: 18.7 zile acoperire vs lead time 21 zile. Include fereastra de salariu, unde istoricul are uplift de cerere."
PEU-WINTER-TIRE-205,Anvelopa iarna 205/55R16,tires,CZ_PRG,Prague,Czechia,Central,winter_weather_sensitive,165,22,44,21,SUP-TIRES-PL,Central Europe Tyres,0.89,66.08,126.11,260.59,8.686,10.786,19.0,0.633,0,0,0,6,order,101,high,"Risc stockout: 19.0 zile acoperire vs lead time 21 zile. Include fereastra de salariu, unde istoricul are uplift de cerere."
PEU-WINTER-TIRE-205,Anvelopa iarna 205/55R16,tires,RO_BUC,Bucharest,Romania,East,winter_weather_sensitive,166,22,44,21,SUP-TIRES-PL,Central Europe Tyres,0.89,63.16,121.78,252.74,8.425,10.259,19.7,0.657,0,0,0,5,order,92,high,"Risc stockout: 19.7 zile acoperire vs lead time 21 zile. Include fereastra de salariu, unde istoricul are uplift de cerere."
PEU-WINTER-TIRE-205,Anvelopa iarna 205/55R16,tires,DK_CPH,Copenhagen,Denmark,North_Central,slow_moving_intermittent,173,22,44,21,SUP-TIRES-PL,Central Europe Tyres,0.89,63.93,122.27,254.72,8.491,10.643,20.38,0.679,0,0,0,3,order,44,high,"Risc stockout: 20.4 zile acoperire vs lead time 21 zile. Segment slow-moving: comanda este plafonata pentru a evita overstock. Include fereastra de salariu, unde istoricul are uplift de cerere."
PEU-WINTER-TIRE-205,Anvelopa iarna 205/55R16,tires,FR_PAR,Paris,France,West,winter_weather_sensitive,173,22,44,21,SUP-TIRES-PL,Central Europe Tyres,0.89,61.54,118.6,248.26,8.275,9.687,20.91,0.697,0,0,0,3,order,81,high,"Risc stockout: 20.9 zile acoperire vs lead time 21 zile. Include fereastra de salariu, unde istoricul are uplift de cerere."
PEU-WF-WINTER-5L,Lichid parbriz iarna -20C 5L,winter_fluids,FR_PAR,Paris,France,West,promotion_travel_sensitive,384,80,160,14,SUP-FLUIDS-EU,EuroFluids Logistics,0.93,154.22,293.35,606.21,20.207,25.116,19.0,0.633,0,0,0,3,monitor,0,low,Stocul acopera forecast-ul pe orizontul analizat.
PEU-WF-WINTER-5L,Lichid parbriz iarna -20C 5L,winter_fluids,NL_AMS,Amsterdam,Netherlands,West,promotion_travel_sensitive,388,80,160,14,SUP-FLUIDS-EU,EuroFluids Logistics,0.93,148.87,288.26,605.3,20.177,24.855,19.23,0.641,0,0,0,3,monitor,0,low,Stocul acopera forecast-ul pe orizontul analizat.
PEU-WF-WINTER-5L,Lichid parbriz iarna -20C 5L,winter_fluids,IT_MIL,Milan,Italy,South,promotion_travel_sensitive,395,80,160,14,SUP-FLUIDS-EU,EuroFluids Logistics,0.93,144.7,282.0,582.76,19.425,22.682,20.33,0.678,0,0,0,3,monitor,0,low,Stocul acopera forecast-ul pe orizontul analizat.
PEU-BATT-70AH,Baterie 70Ah AGM/EFB,battery,FI_HEL,Helsinki,Finland,Nordic,fast_moving_stable,139,10,20,10,SUP-ELECTRIC-DE,Rhine Electric Parts,0.91,47.31,94.21,200.91,6.697,7.518,20.76,0.692,0,30,0,3,monitor,0,low,"Stocul acopera forecast-ul pe orizontul analizat. Include fereastra de salariu, unde istoricul are uplift de cerere."
PEU-WF-WINTER-5L,Lichid parbriz iarna -20C 5L,winter_fluids,ES_MAD,Madrid,Spain,South,promotion_travel_sensitive,399,80,160,14,SUP-FLUIDS-EU,EuroFluids Logistics,0.93,140.17,275.26,562.9,18.763,21.521,21.26,0.709,0,0,0,3,monitor,0,low,Stocul acopera forecast-ul pe orizontul analizat.
PEU-BATT-70AH,Baterie 70Ah AGM/EFB,battery,EE_TLL,Tallinn,Estonia,Nordic,fast_moving_stable,143,10,20,10,SUP-ELECTRIC-DE,Rhine Electric Parts,0.91,45.71,92.07,196.11,6.537,7.269,21.88,0.729,0,23,0,6,monitor,0,low,"Stocul acopera forecast-ul pe orizontul analizat. Include fereastra de salariu, unde istoricul are uplift de cerere."
PEU-COOLANT-PREMIX,Lichid racire premix 5L,coolant,FI_HEL,Helsinki,Finland,Nordic,fast_moving_stable,206,30,60,14,SUP-FLUIDS-EU,EuroFluids Logistics,0.93,67.16,130.52,272.34,9.078,10.269,22.69,0.756,0,30,0,3,monitor,0,low,Stocul acopera forecast-ul pe orizontul analizat.
PEU-BATT-70AH,Baterie 70Ah AGM/EFB,battery,SE_STO,Stockholm,Sweden,Nordic,fast_moving_stable,143,10,20,10,SUP-ELECTRIC-DE,Rhine Electric Parts,0.91,44.4,88.46,187.34,6.245,6.734,22.9,0.763,0,14,0,3,monitor,0,low,"Stocul acopera forecast-ul pe orizontul analizat. Include fereastra de salariu, unde istoricul are uplift de cerere."
PEU-COOLANT-PREMIX,Lichid racire premix 5L,coolant,EE_TLL,Tallinn,Estonia,Nordic,fast_moving_stable,209,30,60,14,SUP-FLUIDS-EU,EuroFluids Logistics,0.93,66.44,130.84,271.56,9.052,10.628,23.09,0.77,0,23,0,6,monitor,0,low,Stocul acopera forecast-ul pe orizontul analizat.
PEU-COOLANT-PREMIX,Lichid racire premix 5L,coolant,SE_STO,Stockholm,Sweden,Nordic,fast_moving_stable,210,30,60,14,SUP-FLUIDS-EU,EuroFluids Logistics,0.93,64.75,125.98,262.59,8.753,10.052,23.99,0.8,0,14,0,3,monitor,0,low,Stocul acopera forecast-ul pe orizontul analizat.
PEU-RUBBER-MATS,Covorase cauciuc Peugeot,accessories,FI_HEL,Helsinki,Finland,Nordic,fast_moving_stable,178,18,36,21,SUP-ACCESS-EU,AutoAccess Distribution,0.9,47.59,94.16,199.63,6.654,7.371,26.75,0.892,0,30,0,3,monitor,0,low,Stocul acopera forecast-ul pe orizontul analizat.
PEU-WIPER-650,Stergatoare fata 650mm,wipers,FI_HEL,Helsinki,Finland,Nordic,fast_moving_stable,254,40,80,21,SUP-ACCESS-EU,AutoAccess Distribution,0.9,73.35,139.06,282.17,9.406,11.257,27.01,0.9,0,30,0,3,monitor,0,low,Stocul acopera forecast-ul pe orizontul analizat.
PEU-ANTIFREEZE-G12,Antigel G12 concentrat 1L,coolant,FI_HEL,Helsinki,Finland,Nordic,fast_moving_stable,276,50,100,14,SUP-FLUIDS-EU,EuroFluids Logistics,0.93,75.22,145.23,299.12,9.971,11.498,27.68,0.923,0,30,0,3,monitor,0,low,Stocul acopera forecast-ul pe orizontul analizat.
PEU-WIPER-650,Stergatoare fata 650mm,wipers,EE_TLL,Tallinn,Estonia,Nordic,fast_moving_stable,262,40,80,21,SUP-ACCESS-EU,AutoAccess Distribution,0.9,72.5,138.49,281.27,9.376,11.582,27.94,0.931,0,23,0,6,monitor,0,low,Stocul acopera forecast-ul pe orizontul analizat.
PEU-WIPER-650,Stergatoare fata 650mm,wipers,SE_STO,Stockholm,Sweden,Nordic,fast_moving_stable,260,40,80,21,SUP-ACCESS-EU,AutoAccess Distribution,0.9,71.95,136.09,277.64,9.255,11.454,28.09,0.936,0,14,0,3,monitor,0,low,Stocul acopera forecast-ul pe orizontul analizat.
PEU-ANTIFREEZE-G12,Antigel G12 concentrat 1L,coolant,SE_STO,Stockholm,Sweden,Nordic,fast_moving_stable,279,50,100,14,SUP-FLUIDS-EU,EuroFluids Logistics,0.93,74.42,143.4,296.01,9.867,11.518,28.28,0.943,0,14,0,3,monitor,0,low,Stocul acopera forecast-ul pe orizontul analizat.
PEU-RUBBER-MATS,Covorase cauciuc Peugeot,accessories,EE_TLL,Tallinn,Estonia,Nordic,fast_moving_stable,182,18,36,21,SUP-ACCESS-EU,AutoAccess Distribution,0.9,45.01,90.7,191.77,6.392,7.235,28.47,0.949,0,23,0,6,monitor,0,low,Stocul acopera forecast-ul pe orizontul analizat.
PEU-ANTIFREEZE-G12,Antigel G12 concentrat 1L,coolant,EE_TLL,Tallinn,Estonia,Nordic,fast_moving_stable,282,50,100,14,SUP-FLUIDS-EU,EuroFluids Logistics,0.93,73.36,143.0,296.11,9.87,11.526,28.57,0.952,0,23,0,6,monitor,0,low,Stocul acopera forecast-ul pe orizontul analizat.
PEU-COOLANT-PREMIX,Lichid racire premix 5L,coolant,FR_PAR,Paris,France,West,fast_moving_stable,223,30,60,14,SUP-FLUIDS-EU,EuroFluids Logistics,0.93,57.27,111.9,233.33,7.778,8.793,28.67,0.956,0,0,0,3,monitor,0,low,Stocul acopera forecast-ul pe orizontul analizat.
PEU-RUBBER-MATS,Covorase cauciuc Peugeot,accessories,SE_STO,Stockholm,Sweden,Nordic,fast_moving_stable,182,18,36,21,SUP-ACCESS-EU,AutoAccess Distribution,0.9,45.87,90.49,190.13,6.338,7.015,28.72,0.957,0,14,0,3,monitor,0,low,Stocul acopera forecast-ul pe orizontul analizat.
PEU-COOLANT-PREMIX,Lichid racire premix 5L,coolant,NL_AMS,Amsterdam,Netherlands,West,fast_moving_stable,223,30,60,14,SUP-FLUIDS-EU,EuroFluids Logistics,0.93,56.25,110.07,230.3,7.677,8.557,29.05,0.968,0,0,0,3,monitor,0,low,Stocul acopera forecast-ul pe orizontul analizat.
PEU-RUBBER-MATS,Covorase cauciuc Peugeot,accessories,FR_PAR,Paris,France,West,fast_moving_stable,180,18,36,21,SUP-ACCESS-EU,AutoAccess Distribution,0.9,44.35,86.47,181.33,6.044,6.863,29.78,0.993,0,0,0,3,monitor,0,low,Stocul acopera forecast-ul pe orizontul analizat.
PEU-COOLANT-PREMIX,Lichid racire premix 5L,coolant,DE_BER,Berlin,Germany,Central,fast_moving_stable,224,30,60,14,SUP-FLUIDS-EU,EuroFluids Logistics,0.93,55.85,108.56,225.58,7.519,8.517,29.79,0.993,0,0,0,3,monitor,0,low,Stocul acopera forecast-ul pe orizontul analizat.
PEU-COOLANT-PREMIX,Lichid racire premix 5L,coolant,IT_MIL,Milan,Italy,South,fast_moving_stable,226,30,60,14,SUP-FLUIDS-EU,EuroFluids Logistics,0.93,54.33,106.28,222.23,7.408,8.268,30.51,1.017,0,0,0,3,monitor,0,low,Stocul acopera forecast-ul pe orizontul analizat.
PEU-WIPER-650,Stergatoare fata 650mm,wipers,DE_BER,Berlin,Germany,Central,fast_moving_stable,265,40,80,21,SUP-ACCESS-EU,AutoAccess Distribution,0.9,65.25,125.03,259.59,8.653,10.557,30.63,1.021,0,0,0,3,monitor,0,low,Stocul acopera forecast-ul pe orizontul analizat.
PEU-COOLANT-PREMIX,Lichid racire premix 5L,coolant,PL_WAW,Warsaw,Poland,Central,fast_moving_stable,226,30,60,14,SUP-FLUIDS-EU,EuroFluids Logistics,0.93,52.91,104.78,220.22,7.341,8.04,30.79,1.026,0,0,0,6,monitor,0,low,Stocul acopera forecast-ul pe orizontul analizat.
PEU-WIPER-650,Stergatoare fata 650mm,wipers,PL_WAW,Warsaw,Poland,Central,fast_moving_stable,269,40,80,21,SUP-ACCESS-EU,AutoAccess Distribution,0.9,64.36,125.33,260.91,8.697,10.047,30.93,1.031,0,0,0,6,monitor,0,low,Stocul acopera forecast-ul pe orizontul analizat.
PEU-RUBBER-MATS,Covorase cauciuc Peugeot,accessories,DE_BER,Berlin,Germany,Central,fast_moving_stable,183,18,36,21,SUP-ACCESS-EU,AutoAccess Distribution,0.9,42.4,83.34,175.98,5.866,6.474,31.2,1.04,0,0,0,3,monitor,0,low,Stocul acopera forecast-ul pe orizontul analizat.
PEU-COOLANT-PREMIX,Lichid racire premix 5L,coolant,CZ_PRG,Prague,Czechia,Central,fast_moving_stable,228,30,60,14,SUP-FLUIDS-EU,EuroFluids Logistics,0.93,52.43,102.77,217.45,7.248,8.076,31.46,1.049,0,0,0,6,monitor,0,low,Stocul acopera forecast-ul pe orizontul analizat.
PEU-COOLANT-PREMIX,Lichid racire premix 5L,coolant,ES_MAD,Madrid,Spain,South,fast_moving_stable,227,30,60,14,SUP-FLUIDS-EU,EuroFluids Logistics,0.93,53.32,103.83,216.42,7.214,8.221,31.47,1.049,0,0,0,3,monitor,0,low,Stocul acopera forecast-ul pe orizontul analizat.
PEU-RUBBER-MATS,Covorase cauciuc Peugeot,accessories,NL_AMS,Amsterdam,Netherlands,West,fast_moving_stable,183,18,36,21,SUP-ACCESS-EU,AutoAccess Distribution,0.9,41.83,82.39,174.44,5.815,6.465,31.47,1.049,0,0,0,3,monitor,0,low,Stocul acopera forecast-ul pe orizontul analizat.
PEU-WIPER-650,Stergatoare fata 650mm,wipers,CZ_PRG,Prague,Czechia,Central,fast_moving_stable,270,40,80,21,SUP-ACCESS-EU,AutoAccess Distribution,0.9,63.9,123.78,257.3,8.577,9.901,31.48,1.049,0,0,0,6,monitor,0,low,Stocul acopera forecast-ul pe orizontul analizat.
PEU-RUBBER-MATS,Covorase cauciuc Peugeot,accessories,IT_MIL,Milan,Italy,South,fast_moving_stable,184,18,36,21,SUP-ACCESS-EU,AutoAccess Distribution,0.9,42.36,82.89,174.75,5.825,6.474,31.59,1.053,0,0,0,3,monitor,0,low,Stocul acopera forecast-ul pe orizontul analizat.
PEU-WIPER-650,Stergatoare fata 650mm,wipers,RO_BUC,Bucharest,Romania,East,fast_moving_stable,270,40,80,21,SUP-ACCESS-EU,AutoAccess Distribution,0.9,63.35,123.1,256.16,8.539,9.827,31.62,1.054,0,0,0,5,monitor,0,low,Stocul acopera forecast-ul pe orizontul analizat.
PEU-RUBBER-MATS,Covorase cauciuc Peugeot,accessories,PL_WAW,Warsaw,Poland,Central,fast_moving_stable,185,18,36,21,SUP-ACCESS-EU,AutoAccess Distribution,0.9,40.7,81.43,172.5,5.75,6.384,32.17,1.072,0,0,0,6,monitor,0,low,Stocul acopera forecast-ul pe orizontul analizat.
PEU-COOLANT-PREMIX,Lichid racire premix 5L,coolant,DK_CPH,Copenhagen,Denmark,North_Central,fast_moving_stable,228,30,60,14,SUP-FLUIDS-EU,EuroFluids Logistics,0.93,51.39,100.59,211.72,7.057,7.894,32.31,1.077,0,0,0,3,monitor,0,low,Stocul acopera forecast-ul pe orizontul analizat.
PEU-COOLANT-PREMIX,Lichid racire premix 5L,coolant,RO_BUC,Bucharest,Romania,East,fast_moving_stable,231,30,60,14,SUP-FLUIDS-EU,EuroFluids Logistics,0.93,50.16,98.99,210.37,7.012,7.802,32.94,1.098,0,0,0,5,monitor,0,low,Stocul acopera forecast-ul pe orizontul analizat.
PEU-RUBBER-MATS,Covorase cauciuc Peugeot,accessories,ES_MAD,Madrid,Spain,South,fast_moving_stable,187,18,36,21,SUP-ACCESS-EU,AutoAccess Distribution,0.9,40.42,79.98,169.21,5.64,6.114,33.15,1.105,0,0,0,3,monitor,0,low,Stocul acopera forecast-ul pe orizontul analizat.
PEU-RUBBER-MATS,Covorase cauciuc Peugeot,accessories,RO_BUC,Bucharest,Romania,East,fast_moving_stable,187,18,36,21,SUP-ACCESS-EU,AutoAccess Distribution,0.9,39.46,78.39,167.05,5.568,6.189,33.58,1.119,0,0,0,5,monitor,0,low,Stocul acopera forecast-ul pe orizontul analizat.
PEU-WIPER-650,Stergatoare fata 650mm,wipers,FR_PAR,Paris,France,West,fast_moving_stable,276,40,80,21,SUP-ACCESS-EU,AutoAccess Distribution,0.9,59.53,116.58,246.29,8.21,9.307,33.62,1.121,0,0,0,3,monitor,0,low,Stocul acopera forecast-ul pe orizontul analizat.
PEU-ANTIFREEZE-G12,Antigel G12 concentrat 1L,coolant,FR_PAR,Paris,France,West,fast_moving_stable,294,50,100,14,SUP-FLUIDS-EU,EuroFluids Logistics,0.93,64.56,125.26,261.1,8.703,10.098,33.78,1.126,0,0,0,3,monitor,0,low,Stocul acopera forecast-ul pe orizontul analizat.
PEU-HEADLIGHT-H7,Bec far H7,lighting,FI_HEL,Helsinki,Finland,Nordic,fast_moving_stable,287,50,100,7,SUP-ELECTRIC-DE,Rhine Electric Parts,0.91,60.23,117.56,248.79,8.293,9.294,34.61,1.154,0,30,0,3,monitor,0,low,Stocul acopera forecast-ul pe orizontul analizat.
PEU-RUBBER-MATS,Covorase cauciuc Peugeot,accessories,CZ_PRG,Prague,Czechia,Central,fast_moving_stable,189,18,36,21,SUP-ACCESS-EU,AutoAccess Distribution,0.9,38.52,76.55,163.31,5.444,5.936,34.72,1.157,0,0,0,6,monitor,0,low,Stocul acopera forecast-ul pe orizontul analizat.
PEU-WIPER-650,Stergatoare fata 650mm,wipers,NL_AMS,Amsterdam,Netherlands,West,fast_moving_stable,279,40,80,21,SUP-ACCESS-EU,AutoAccess Distribution,0.9,58.43,114.37,240.56,8.019,8.896,34.79,1.16,0,0,0,3,monitor,0,low,Stocul acopera forecast-ul pe orizontul analizat.
PEU-WIPER-650,Stergatoare fata 650mm,wipers,DK_CPH,Copenhagen,Denmark,North_Central,fast_moving_stable,278,40,80,21,SUP-ACCESS-EU,AutoAccess Distribution,0.9,57.26,112.78,238.66,7.955,8.831,34.95,1.165,0,0,0,3,monitor,0,low,Stocul acopera forecast-ul pe orizontul analizat.
PEU-ANTIFREEZE-G12,Antigel G12 concentrat 1L,coolant,IT_MIL,Milan,Italy,South,fast_moving_stable,296,50,100,14,SUP-FLUIDS-EU,EuroFluids Logistics,0.93,62.05,120.57,251.48,8.383,9.656,35.31,1.177,0,0,0,3,monitor,0,low,Stocul acopera forecast-ul pe orizontul analizat.
PEU-RUBBER-MATS,Covorase cauciuc Peugeot,accessories,DK_CPH,Copenhagen,Denmark,North_Central,fast_moving_stable,185,18,36,21,SUP-ACCESS-EU,AutoAccess Distribution,0.9,37.4,73.43,156.81,5.227,5.851,35.39,1.18,0,0,0,3,monitor,0,low,Stocul acopera forecast-ul pe orizontul analizat.
PEU-ANTIFREEZE-G12,Antigel G12 concentrat 1L,coolant,NL_AMS,Amsterdam,Netherlands,West,fast_moving_stable,298,50,100,14,SUP-FLUIDS-EU,EuroFluids Logistics,0.93,62.09,120.46,251.21,8.374,9.7,35.59,1.186,0,0,0,3,monitor,0,low,Stocul acopera forecast-ul pe orizontul analizat.
PEU-ANTIFREEZE-G12,Antigel G12 concentrat 1L,coolant,DE_BER,Berlin,Germany,Central,fast_moving_stable,298,50,100,14,SUP-FLUIDS-EU,EuroFluids Logistics,0.93,61.61,119.22,247.37,8.246,9.617,36.14,1.205,0,0,0,3,monitor,0,low,Stocul acopera forecast-ul pe orizontul analizat.
PEU-ANTIFREEZE-G12,Antigel G12 concentrat 1L,coolant,DK_CPH,Copenhagen,Denmark,North_Central,fast_moving_stable,299,50,100,14,SUP-FLUIDS-EU,EuroFluids Logistics,0.93,60.87,118.11,247.05,8.235,9.534,36.31,1.21,0,0,0,3,monitor,0,low,Stocul acopera forecast-ul pe orizontul analizat.
PEU-HEADLIGHT-H7,Bec far H7,lighting,SE_STO,Stockholm,Sweden,Nordic,fast_moving_stable,289,50,100,7,SUP-ELECTRIC-DE,Rhine Electric Parts,0.91,56.88,112.46,238.1,7.937,8.715,36.41,1.214,0,14,0,3,monitor,0,low,Stocul acopera forecast-ul pe orizontul analizat.
PEU-WIPER-650,Stergatoare fata 650mm,wipers,IT_MIL,Milan,Italy,South,fast_moving_stable,282,40,80,21,SUP-ACCESS-EU,AutoAccess Distribution,0.9,56.15,110.0,231.87,7.729,8.55,36.49,1.216,0,0,0,3,monitor,0,low,Stocul acopera forecast-ul pe orizontul analizat.
PEU-HEADLIGHT-H7,Bec far H7,lighting,EE_TLL,Tallinn,Estonia,Nordic,fast_moving_stable,293,50,100,7,SUP-ELECTRIC-DE,Rhine Electric Parts,0.91,56.78,113.34,238.63,7.954,8.652,36.83,1.228,0,23,0,6,monitor,0,low,Stocul acopera forecast-ul pe orizontul analizat.
PEU-ANTIFREEZE-G12,Antigel G12 concentrat 1L,coolant,PL_WAW,Warsaw,Poland,Central,fast_moving_stable,300,50,100,14,SUP-FLUIDS-EU,EuroFluids Logistics,0.93,59.01,116.58,243.5,8.117,9.083,36.96,1.232,0,0,0,6,monitor,0,low,Stocul acopera forecast-ul pe orizontul analizat.
PEU-HEADLIGHT-H7,Bec far H7,lighting,FR_PAR,Paris,France,West,fast_moving_stable,292,50,100,7,SUP-ELECTRIC-DE,Rhine Electric Parts,0.91,56.96,112.0,236.29,7.876,8.619,37.07,1.236,0,0,0,3,monitor,0,low,Stocul acopera forecast-ul pe orizontul analizat.
PEU-WIPER-650,Stergatoare fata 650mm,wipers,ES_MAD,Madrid,Spain,South,fast_moving_stable,283,40,80,21,SUP-ACCESS-EU,AutoAccess Distribution,0.9,55.17,108.36,228.96,7.632,8.403,37.08,1.236,0,0,0,3,monitor,0,low,Stocul acopera forecast-ul pe orizontul analizat.
PEU-ANTIFREEZE-G12,Antigel G12 concentrat 1L,coolant,CZ_PRG,Prague,Czechia,Central,fast_moving_stable,302,50,100,14,SUP-FLUIDS-EU,EuroFluids Logistics,0.93,58.6,113.92,240.44,8.015,9.035,37.68,1.256,0,0,0,6,monitor,0,low,Stocul acopera forecast-ul pe orizontul analizat.
PEU-ANTIFREEZE-G12,Antigel G12 concentrat 1L,coolant,ES_MAD,Madrid,Spain,South,fast_moving_stable,300,50,100,14,SUP-FLUIDS-EU,EuroFluids Logistics,0.93,58.99,114.45,238.62,7.954,9.155,37.72,1.257,0,0,0,3,monitor,0,low,Stocul acopera forecast-ul pe orizontul analizat.
PEU-HEADLIGHT-H7,Bec far H7,lighting,NL_AMS,Amsterdam,Netherlands,West,fast_moving_stable,293,50,100,7,SUP-ELECTRIC-DE,Rhine Electric Parts,0.91,56.24,110.3,232.32,7.744,8.543,37.84,1.261,0,0,0,3,monitor,0,low,Stocul acopera forecast-ul pe orizontul analizat.
PEU-HEADLIGHT-H7,Bec far H7,lighting,IT_MIL,Milan,Italy,South,fast_moving_stable,293,50,100,7,SUP-ELECTRIC-DE,Rhine Electric Parts,0.91,56.4,110.69,231.98,7.733,8.525,37.89,1.263,0,0,0,3,monitor,0,low,Stocul acopera forecast-ul pe orizontul analizat.
PEU-ANTIFREEZE-G12,Antigel G12 concentrat 1L,coolant,RO_BUC,Bucharest,Romania,East,fast_moving_stable,301,50,100,14,SUP-FLUIDS-EU,EuroFluids Logistics,0.93,58.05,112.62,233.93,7.798,9.002,38.6,1.287,0,0,0,5,monitor,0,low,Stocul acopera forecast-ul pe orizontul analizat.
PEU-HEADLIGHT-H7,Bec far H7,lighting,DE_BER,Berlin,Germany,Central,fast_moving_stable,295,50,100,7,SUP-ELECTRIC-DE,Rhine Electric Parts,0.91,55.16,107.51,225.21,7.507,8.4,39.3,1.31,0,0,0,3,monitor,0,low,Stocul acopera forecast-ul pe orizontul analizat.
PEU-HEADLIGHT-H7,Bec far H7,lighting,DK_CPH,Copenhagen,Denmark,North_Central,fast_moving_stable,297,50,100,7,SUP-ELECTRIC-DE,Rhine Electric Parts,0.91,54.47,106.76,224.3,7.477,8.249,39.72,1.324,0,0,0,3,monitor,0,low,Stocul acopera forecast-ul pe orizontul analizat.
PEU-HEADLIGHT-H7,Bec far H7,lighting,PL_WAW,Warsaw,Poland,Central,fast_moving_stable,297,50,100,7,SUP-ELECTRIC-DE,Rhine Electric Parts,0.91,53.6,105.82,222.54,7.418,8.248,40.04,1.335,0,0,0,6,monitor,0,low,Stocul acopera forecast-ul pe orizontul analizat.
PEU-BRAKE-PADS-F,Placute frana fata,brakes,FI_HEL,Helsinki,Finland,Nordic,salary_event_sensitive,266,35,70,14,SUP-BRAKES-IT,Nord Italia Braking,0.88,47.06,92.95,196.86,6.562,7.325,40.54,1.351,0,30,0,3,monitor,0,low,"Stocul acopera forecast-ul pe orizontul analizat. Include fereastra de salariu, unde istoricul are uplift de cerere."
PEU-HEADLIGHT-H7,Bec far H7,lighting,CZ_PRG,Prague,Czechia,Central,fast_moving_stable,299,50,100,7,SUP-ELECTRIC-DE,Rhine Electric Parts,0.91,52.54,103.51,220.51,7.35,8.016,40.68,1.356,0,0,0,6,monitor,0,low,Stocul acopera forecast-ul pe orizontul analizat.
PEU-HEADLIGHT-H7,Bec far H7,lighting,ES_MAD,Madrid,Spain,South,fast_moving_stable,297,50,100,7,SUP-ELECTRIC-DE,Rhine Electric Parts,0.91,53.31,104.22,218.45,7.282,8.089,40.79,1.36,0,0,0,3,monitor,0,low,Stocul acopera forecast-ul pe orizontul analizat.
PEU-BATT-70AH,Baterie 70Ah AGM/EFB,battery,FR_PAR,Paris,France,West,fast_moving_stable,161,10,20,10,SUP-ELECTRIC-DE,Rhine Electric Parts,0.91,28.15,55.7,118.37,3.946,4.258,40.8,1.36,0,0,0,3,monitor,0,low,"Stocul acopera forecast-ul pe orizontul analizat. Include fereastra de salariu, unde istoricul are uplift de cerere."
PEU-BATT-70AH,Baterie 70Ah AGM/EFB,battery,IT_MIL,Milan,Italy,South,fast_moving_stable,161,10,20,10,SUP-ELECTRIC-DE,Rhine Electric Parts,0.91,27.22,54.37,116.49,3.883,4.07,41.46,1.382,0,0,0,3,monitor,0,low,"Stocul acopera forecast-ul pe orizontul analizat. Include fereastra de salariu, unde istoricul are uplift de cerere."
PEU-HEADLIGHT-H7,Bec far H7,lighting,RO_BUC,Bucharest,Romania,East,fast_moving_stable,300,50,100,7,SUP-ELECTRIC-DE,Rhine Electric Parts,0.91,51.62,101.86,215.68,7.189,7.944,41.73,1.391,0,0,0,5,monitor,0,low,Stocul acopera forecast-ul pe orizontul analizat.
PEU-BATT-70AH,Baterie 70Ah AGM/EFB,battery,NL_AMS,Amsterdam,Netherlands,West,fast_moving_stable,161,10,20,10,SUP-ELECTRIC-DE,Rhine Electric Parts,0.91,27.14,53.77,115.35,3.845,4.178,41.87,1.396,0,0,0,3,monitor,0,low,"Stocul acopera forecast-ul pe orizontul analizat. Include fereastra de salariu, unde istoricul are uplift de cerere."
PEU-BATT-70AH,Baterie 70Ah AGM/EFB,battery,PL_WAW,Warsaw,Poland,Central,fast_moving_stable,162,10,20,10,SUP-ELECTRIC-DE,Rhine Electric Parts,0.91,26.35,52.8,113.19,3.773,4.15,42.94,1.431,0,0,0,6,monitor,0,low,"Stocul acopera forecast-ul pe orizontul analizat. Include fereastra de salariu, unde istoricul are uplift de cerere."
PEU-BATT-70AH,Baterie 70Ah AGM/EFB,battery,DK_CPH,Copenhagen,Denmark,North_Central,fast_moving_stable,164,10,20,10,SUP-ELECTRIC-DE,Rhine Electric Parts,0.91,26.74,53.35,113.9,3.797,4.064,43.2,1.44,0,0,0,3,monitor,0,low,"Stocul acopera forecast-ul pe orizontul analizat. Include fereastra de salariu, unde istoricul are uplift de cerere."
PEU-BATT-70AH,Baterie 70Ah AGM/EFB,battery,DE_BER,Berlin,Germany,Central,fast_moving_stable,163,10,20,10,SUP-ELECTRIC-DE,Rhine Electric Parts,0.91,26.34,52.25,112.12,3.737,4.073,43.61,1.454,0,0,0,3,monitor,0,low,"Stocul acopera forecast-ul pe orizontul analizat. Include fereastra de salariu, unde istoricul are uplift de cerere."
PEU-BATT-70AH,Baterie 70Ah AGM/EFB,battery,RO_BUC,Bucharest,Romania,East,fast_moving_stable,163,10,20,10,SUP-ELECTRIC-DE,Rhine Electric Parts,0.91,25.91,51.78,111.23,3.708,4.024,43.96,1.465,0,0,0,5,monitor,0,low,"Stocul acopera forecast-ul pe orizontul analizat. Include fereastra de salariu, unde istoricul are uplift de cerere."
PEU-BRAKE-PADS-F,Placute frana fata,brakes,EE_TLL,Tallinn,Estonia,Nordic,salary_event_sensitive,268,35,70,14,SUP-BRAKES-IT,Nord Italia Braking,0.88,42.96,86.54,182.69,6.09,6.952,44.01,1.467,0,23,0,6,monitor,0,low,"Stocul acopera forecast-ul pe orizontul analizat. Include fereastra de salariu, unde istoricul are uplift de cerere."
PEU-BRAKE-PADS-F,Placute frana fata,brakes,FR_PAR,Paris,France,West,salary_event_sensitive,267,35,70,14,SUP-BRAKES-IT,Nord Italia Braking,0.88,44.06,85.86,181.86,6.062,6.877,44.04,1.468,0,0,0,3,monitor,0,low,"Stocul acopera forecast-ul pe orizontul analizat. Include fereastra de salariu, unde istoricul are uplift de cerere."
PEU-BATT-70AH,Baterie 70Ah AGM/EFB,battery,ES_MAD,Madrid,Spain,South,fast_moving_stable,165,10,20,10,SUP-ELECTRIC-DE,Rhine Electric Parts,0.91,26.03,51.88,111.68,3.723,4.024,44.32,1.477,0,0,0,3,monitor,0,low,"Stocul acopera forecast-ul pe orizontul analizat. Include fereastra de salariu, unde istoricul are uplift de cerere."
PEU-BATT-70AH,Baterie 70Ah AGM/EFB,battery,CZ_PRG,Prague,Czechia,Central,fast_moving_stable,164,10,20,10,SUP-ELECTRIC-DE,Rhine Electric Parts,0.91,25.96,51.58,110.65,3.688,4.004,44.46,1.482,0,0,0,6,monitor,0,low,"Stocul acopera forecast-ul pe orizontul analizat. Include fereastra de salariu, unde istoricul are uplift de cerere."
PEU-BRAKE-PADS-F,Placute frana fata,brakes,SE_STO,Stockholm,Sweden,Nordic,salary_event_sensitive,269,35,70,14,SUP-BRAKES-IT,Nord Italia Braking,0.88,42.99,83.87,178.14,5.938,6.816,45.3,1.51,0,14,0,3,monitor,0,low,"Stocul acopera forecast-ul pe orizontul analizat. Include fereastra de salariu, unde istoricul are uplift de cerere."
PEU-SPARK-PLUG,Bujie benzina,maintenance,FI_HEL,Helsinki,Finland,Nordic,salary_event_sensitive,268,40,80,14,SUP-MAINT-DE,DACH Maintenance Parts,0.94,43.43,83.41,175.99,5.866,7.02,45.68,1.523,0,30,0,3,monitor,0,low,"Stocul acopera forecast-ul pe orizontul analizat. Include fereastra de salariu, unde istoricul are uplift de cerere."
PEU-BRAKE-PADS-F,Placute frana fata,brakes,NL_AMS,Amsterdam,Netherlands,West,salary_event_sensitive,271,35,70,14,SUP-BRAKES-IT,Nord Italia Braking,0.88,41.38,81.1,172.79,5.76,6.587,47.05,1.568,0,0,0,3,monitor,0,low,"Stocul acopera forecast-ul pe orizontul analizat. Include fereastra de salariu, unde istoricul are uplift de cerere."
PEU-BRAKE-PADS-F,Placute frana fata,brakes,IT_MIL,Milan,Italy,South,salary_event_sensitive,271,35,70,14,SUP-BRAKES-IT,Nord Italia Braking,0.88,41.25,80.93,172.5,5.75,6.456,47.13,1.571,0,0,0,3,monitor,0,low,"Stocul acopera forecast-ul pe orizontul analizat. Include fereastra de salariu, unde istoricul are uplift de cerere."
PEU-BRAKE-PADS-F,Placute frana fata,brakes,PL_WAW,Warsaw,Poland,Central,salary_event_sensitive,274,35,70,14,SUP-BRAKES-IT,Nord Italia Braking,0.88,39.92,81.6,173.6,5.787,6.703,47.35,1.578,0,0,0,6,monitor,0,low,"Stocul acopera forecast-ul pe orizontul analizat. Include fereastra de salariu, unde istoricul are uplift de cerere."
PEU-BRAKE-PADS-F,Placute frana fata,brakes,ES_MAD,Madrid,Spain,South,salary_event_sensitive,271,35,70,14,SUP-BRAKES-IT,Nord Italia Braking,0.88,41.11,80.48,171.53,5.718,6.343,47.4,1.58,0,0,0,3,monitor,0,low,"Stocul acopera forecast-ul pe orizontul analizat. Include fereastra de salariu, unde istoricul are uplift de cerere."
PEU-BRAKE-PADS-F,Placute frana fata,brakes,DK_CPH,Copenhagen,Denmark,North_Central,salary_event_sensitive,271,35,70,14,SUP-BRAKES-IT,Nord Italia Braking,0.88,40.94,80.18,171.02,5.701,6.515,47.54,1.585,0,0,0,3,monitor,0,low,"Stocul acopera forecast-ul pe orizontul analizat. Include fereastra de salariu, unde istoricul are uplift de cerere."
PEU-BRAKE-PADS-F,Placute frana fata,brakes,CZ_PRG,Prague,Czechia,Central,salary_event_sensitive,273,35,70,14,SUP-BRAKES-IT,Nord Italia Braking,0.88,39.68,78.44,171.31,5.71,6.552,47.81,1.594,0,0,0,6,monitor,0,low,"Stocul acopera forecast-ul pe orizontul analizat. Include fereastra de salariu, unde istoricul are uplift de cerere."
PEU-BRAKE-PADS-F,Placute frana fata,brakes,DE_BER,Berlin,Germany,Central,salary_event_sensitive,272,35,70,14,SUP-BRAKES-IT,Nord Italia Braking,0.88,40.67,79.59,170.38,5.679,6.452,47.89,1.596,0,0,0,3,monitor,0,low,"Stocul acopera forecast-ul pe orizontul analizat. Include fereastra de salariu, unde istoricul are uplift de cerere."
PEU-SPARK-PLUG,Bujie benzina,maintenance,FR_PAR,Paris,France,West,salary_event_sensitive,271,40,80,14,SUP-MAINT-DE,DACH Maintenance Parts,0.94,41.04,79.64,168.62,5.621,6.518,48.22,1.607,0,0,0,3,monitor,0,low,"Stocul acopera forecast-ul pe orizontul analizat. Include fereastra de salariu, unde istoricul are uplift de cerere."
PEU-SPARK-PLUG,Bujie benzina,maintenance,EE_TLL,Tallinn,Estonia,Nordic,salary_event_sensitive,271,40,80,14,SUP-MAINT-DE,DACH Maintenance Parts,0.94,39.07,78.72,168.49,5.616,6.481,48.25,1.608,0,23,0,6,monitor,0,low,"Stocul acopera forecast-ul pe orizontul analizat. Include fereastra de salariu, unde istoricul are uplift de cerere."
PEU-SPARK-PLUG,Bujie benzina,maintenance,NL_AMS,Amsterdam,Netherlands,West,salary_event_sensitive,272,40,80,14,SUP-MAINT-DE,DACH Maintenance Parts,0.94,40.56,78.85,167.04,5.568,6.454,48.85,1.628,0,0,0,3,monitor,0,low,"Stocul acopera forecast-ul pe orizontul analizat. Include fereastra de salariu, unde istoricul are uplift de cerere."
PEU-OIL-5W30-5L,Ulei motor 5W30 5L,maintenance,FI_HEL,Helsinki,Finland,Nordic,salary_event_sensitive,397,70,140,7,SUP-MAINT-DE,DACH Maintenance Parts,0.94,57.26,113.24,242.68,8.089,9.878,49.08,1.636,0,30,0,3,monitor,0,low,"Stocul acopera forecast-ul pe orizontul analizat. Include fereastra de salariu, unde istoricul are uplift de cerere."
PEU-SPARK-PLUG,Bujie benzina,maintenance,IT_MIL,Milan,Italy,South,salary_event_sensitive,270,40,80,14,SUP-MAINT-DE,DACH Maintenance Parts,0.94,40.03,76.24,161.11,5.37,6.637,50.28,1.676,0,0,0,3,monitor,0,low,"Stocul acopera forecast-ul pe orizontul analizat. Include fereastra de salariu, unde istoricul are uplift de cerere."
PEU-BRAKE-FLUID-DOT4,Lichid frana DOT4 1L,brakes,FR_PAR,Paris,France,West,salary_event_sensitive,266,40,80,10,SUP-BRAKES-IT,Nord Italia Braking,0.88,37.92,74.44,158.65,5.288,6.106,50.3,1.677,0,0,0,3,monitor,0,low,"Stocul acopera forecast-ul pe orizontul analizat. Include fereastra de salariu, unde istoricul are uplift de cerere."
PEU-BRAKE-FLUID-DOT4,Lichid frana DOT4 1L,brakes,SE_STO,Stockholm,Sweden,Nordic,salary_event_sensitive,266,40,80,10,SUP-BRAKES-IT,Nord Italia Braking,0.88,37.54,73.92,157.93,5.264,6.079,50.53,1.684,0,14,0,3,monitor,0,low,"Stocul acopera forecast-ul pe orizontul analizat. Include fereastra de salariu, unde istoricul are uplift de cerere."
PEU-BRAKE-FLUID-DOT4,Lichid frana DOT4 1L,brakes,EE_TLL,Tallinn,Estonia,Nordic,salary_event_sensitive,266,40,80,10,SUP-BRAKES-IT,Nord Italia Braking,0.88,36.71,74.52,157.8,5.26,6.121,50.57,1.686,0,23,0,6,monitor,0,low,"Stocul acopera forecast-ul pe orizontul analizat. Include fereastra de salariu, unde istoricul are uplift de cerere."
PEU-BRAKE-PADS-F,Placute frana fata,brakes,RO_BUC,Bucharest,Romania,East,salary_event_sensitive,274,35,70,14,SUP-BRAKES-IT,Nord Italia Braking,0.88,37.21,74.2,161.92,5.397,6.36,50.77,1.692,0,0,0,5,monitor,0,low,"Stocul acopera forecast-ul pe orizontul analizat. Include fereastra de salariu, unde istoricul are uplift de cerere."
PEU-OIL-FILTER,Filtru ulei,maintenance,FI_HEL,Helsinki,Finland,Nordic,salary_event_sensitive,463,85,170,7,SUP-MAINT-DE,DACH Maintenance Parts,0.94,68.01,129.53,272.57,9.086,11.528,50.96,1.699,0,30,0,3,monitor,0,low,"Stocul acopera forecast-ul pe orizontul analizat. Include fereastra de salariu, unde istoricul are uplift de cerere."
PEU-SPARK-PLUG,Bujie benzina,maintenance,SE_STO,Stockholm,Sweden,Nordic,salary_event_sensitive,271,40,80,14,SUP-MAINT-DE,DACH Maintenance Parts,0.94,38.97,74.87,159.15,5.305,6.505,51.08,1.703,0,14,0,3,monitor,0,low,"Stocul acopera forecast-ul pe orizontul analizat. Include fereastra de salariu, unde istoricul are uplift de cerere."
PEU-OIL-5W30-5L,Ulei motor 5W30 5L,maintenance,EE_TLL,Tallinn,Estonia,Nordic,salary_event_sensitive,403,70,140,7,SUP-MAINT-DE,DACH Maintenance Parts,0.94,52.56,109.72,235.86,7.862,9.731,51.26,1.709,0,23,0,6,monitor,0,low,"Stocul acopera forecast-ul pe orizontul analizat. Include fereastra de salariu, unde istoricul are uplift de cerere."
PEU-BRAKE-FLUID-DOT4,Lichid frana DOT4 1L,brakes,FI_HEL,Helsinki,Finland,Nordic,salary_event_sensitive,266,40,80,10,SUP-BRAKES-IT,Nord Italia Braking,0.88,36.72,72.06,155.33,5.178,6.036,51.37,1.712,0,30,0,3,monitor,0,low,"Stocul acopera forecast-ul pe orizontul analizat. Include fereastra de salariu, unde istoricul are uplift de cerere."
PEU-SPARK-PLUG,Bujie benzina,maintenance,PL_WAW,Warsaw,Poland,Central,salary_event_sensitive,275,40,80,14,SUP-MAINT-DE,DACH Maintenance Parts,0.94,36.43,74.96,159.0,5.3,6.359,51.89,1.73,0,0,0,6,monitor,0,low,"Stocul acopera forecast-ul pe orizontul analizat. Include fereastra de salariu, unde istoricul are uplift de cerere."
PEU-OIL-5W30-5L,Ulei motor 5W30 5L,maintenance,FR_PAR,Paris,France,West,salary_event_sensitive,401,70,140,7,SUP-MAINT-DE,DACH Maintenance Parts,0.94,54.8,107.88,230.97,7.699,9.071,52.09,1.736,0,0,0,3,monitor,0,low,"Stocul acopera forecast-ul pe orizontul analizat. Include fereastra de salariu, unde istoricul are uplift de cerere."
PEU-OIL-5W30-5L,Ulei motor 5W30 5L,maintenance,SE_STO,Stockholm,Sweden,Nordic,salary_event_sensitive,401,70,140,7,SUP-MAINT-DE,DACH Maintenance Parts,0.94,54.33,107.3,230.64,7.688,9.317,52.16,1.739,0,14,0,3,monitor,0,low,"Stocul acopera forecast-ul pe orizontul analizat. Include fereastra de salariu, unde istoricul are uplift de cerere."
PEU-SPARK-PLUG,Bujie benzina,maintenance,DE_BER,Berlin,Germany,Central,salary_event_sensitive,273,40,80,14,SUP-MAINT-DE,DACH Maintenance Parts,0.94,37.73,73.01,156.33,5.211,6.43,52.39,1.746,0,0,0,3,monitor,0,low,"Stocul acopera forecast-ul pe orizontul analizat. Include fereastra de salariu, unde istoricul are uplift de cerere."
PEU-OIL-FILTER,Filtru ulei,maintenance,SE_STO,Stockholm,Sweden,Nordic,salary_event_sensitive,469,85,170,7,SUP-MAINT-DE,DACH Maintenance Parts,0.94,64.54,125.06,266.38,8.879,10.884,52.82,1.761,0,14,0,3,monitor,0,low,"Stocul acopera forecast-ul pe orizontul analizat. Include fereastra de salariu, unde istoricul are uplift de cerere."
PEU-SPARK-PLUG,Bujie benzina,maintenance,CZ_PRG,Prague,Czechia,Central,salary_event_sensitive,277,40,80,14,SUP-MAINT-DE,DACH Maintenance Parts,0.94,35.73,71.52,157.21,5.24,6.318,52.86,1.762,0,0,0,6,monitor,0,low,"Stocul acopera forecast-ul pe orizontul analizat. Include fereastra de salariu, unde istoricul are uplift de cerere."
PEU-SPARK-PLUG,Bujie benzina,maintenance,DK_CPH,Copenhagen,Denmark,North_Central,salary_event_sensitive,274,40,80,14,SUP-MAINT-DE,DACH Maintenance Parts,0.94,36.9,72.14,155.1,5.17,6.231,53.0,1.767,0,0,0,3,monitor,0,low,"Stocul acopera forecast-ul pe orizontul analizat. Include fereastra de salariu, unde istoricul are uplift de cerere."
PEU-SPARK-PLUG,Bujie benzina,maintenance,ES_MAD,Madrid,Spain,South,salary_event_sensitive,273,40,80,14,SUP-MAINT-DE,DACH Maintenance Parts,0.94,37.0,72.08,154.5,5.15,6.179,53.01,1.767,0,0,0,3,monitor,0,low,"Stocul acopera forecast-ul pe orizontul analizat. Include fereastra de salariu, unde istoricul are uplift de cerere."
PEU-ADBLUE-10L,AdBlue 10L,consumables,EE_TLL,Tallinn,Estonia,Nordic,fast_moving_stable,367,60,120,7,SUP-FLUIDS-EU,EuroFluids Logistics,0.93,49.0,98.09,207.25,6.908,7.594,53.12,1.771,0,23,0,6,monitor,0,low,Stocul acopera forecast-ul pe orizontul analizat.
PEU-OIL-FILTER,Filtru ulei,maintenance,EE_TLL,Tallinn,Estonia,Nordic,salary_event_sensitive,471,85,170,7,SUP-MAINT-DE,DACH Maintenance Parts,0.94,60.98,125.52,265.3,8.843,10.91,53.26,1.775,0,23,0,6,monitor,0,low,"Stocul acopera forecast-ul pe orizontul analizat. Include fereastra de salariu, unde istoricul are uplift de cerere."
PEU-SPARK-PLUG,Bujie benzina,maintenance,RO_BUC,Bucharest,Romania,East,salary_event_sensitive,277,40,80,14,SUP-MAINT-DE,DACH Maintenance Parts,0.94,36.15,72.05,155.9,5.197,6.213,53.3,1.777,0,0,0,5,monitor,0,low,"Stocul acopera forecast-ul pe orizontul analizat. Include fereastra de salariu, unde istoricul are uplift de cerere."
PEU-BRAKE-FLUID-DOT4,Lichid frana DOT4 1L,brakes,PL_WAW,Warsaw,Poland,Central,salary_event_sensitive,270,40,80,10,SUP-BRAKES-IT,Nord Italia Braking,0.88,34.95,71.3,151.79,5.06,5.867,53.36,1.779,0,0,0,6,monitor,0,low,"Stocul acopera forecast-ul pe orizontul analizat. Include fereastra de salariu, unde istoricul are uplift de cerere."
PEU-ADBLUE-10L,AdBlue 10L,consumables,FI_HEL,Helsinki,Finland,Nordic,fast_moving_stable,368,60,120,7,SUP-FLUIDS-EU,EuroFluids Logistics,0.93,49.35,97.54,206.66,6.889,7.582,53.42,1.781,0,30,0,3,monitor,0,low,Stocul acopera forecast-ul pe orizontul analizat.
PEU-OIL-FILTER,Filtru ulei,maintenance,FR_PAR,Paris,France,West,salary_event_sensitive,471,85,170,7,SUP-MAINT-DE,DACH Maintenance Parts,0.94,62.98,123.05,263.73,8.791,10.703,53.58,1.786,0,0,0,3,monitor,0,low,"Stocul acopera forecast-ul pe orizontul analizat. Include fereastra de salariu, unde istoricul are uplift de cerere."
PEU-BRAKE-FLUID-DOT4,Lichid frana DOT4 1L,brakes,IT_MIL,Milan,Italy,South,salary_event_sensitive,268,40,80,10,SUP-BRAKES-IT,Nord Italia Braking,0.88,35.26,69.52,149.59,4.986,5.547,53.75,1.792,0,0,0,3,monitor,0,low,"Stocul acopera forecast-ul pe orizontul analizat. Include fereastra de salariu, unde istoricul are uplift de cerere."
PEU-BRAKE-FLUID-DOT4,Lichid frana DOT4 1L,brakes,NL_AMS,Amsterdam,Netherlands,West,salary_event_sensitive,269,40,80,10,SUP-BRAKES-IT,Nord Italia Braking,0.88,35.36,69.45,149.2,4.973,5.823,54.09,1.803,0,0,0,3,monitor,0,low,"Stocul acopera forecast-ul pe orizontul analizat. Include fereastra de salariu, unde istoricul are uplift de cerere."
PEU-ADBLUE-10L,AdBlue 10L,consumables,SE_STO,Stockholm,Sweden,Nordic,fast_moving_stable,369,60,120,7,SUP-FLUIDS-EU,EuroFluids Logistics,0.93,48.44,96.22,204.47,6.816,7.45,54.14,1.805,0,14,0,3,monitor,0,low,Stocul acopera forecast-ul pe orizontul analizat.
PEU-OIL-5W30-5L,Ulei motor 5W30 5L,maintenance,DE_BER,Berlin,Germany,Central,salary_event_sensitive,404,70,140,7,SUP-MAINT-DE,DACH Maintenance Parts,0.94,53.36,104.53,223.63,7.454,8.941,54.2,1.807,0,0,0,3,monitor,0,low,"Stocul acopera forecast-ul pe orizontul analizat. Include fereastra de salariu, unde istoricul are uplift de cerere."
PEU-ADBLUE-10L,AdBlue 10L,consumables,DE_BER,Berlin,Germany,Central,fast_moving_stable,368,60,120,7,SUP-FLUIDS-EU,EuroFluids Logistics,0.93,47.98,95.33,202.95,6.765,7.4,54.4,1.813,0,0,0,3,monitor,0,low,Stocul acopera forecast-ul pe orizontul analizat.
PEU-ADBLUE-10L,AdBlue 10L,consumables,FR_PAR,Paris,France,West,fast_moving_stable,369,60,120,7,SUP-FLUIDS-EU,EuroFluids Logistics,0.93,48.27,95.62,203.25,6.775,7.389,54.46,1.815,0,0,0,3,monitor,0,low,Stocul acopera forecast-ul pe orizontul analizat.
PEU-CABIN-CARBON,Filtru habitaclu cu carbon,filters,FI_HEL,Helsinki,Finland,Nordic,fast_moving_stable,330,45,90,10,SUP-FILTERS-FR,Filtres Auto France,0.92,43.71,86.3,181.32,6.044,6.683,54.6,1.82,0,30,0,3,monitor,0,low,Stocul acopera forecast-ul pe orizontul analizat.
PEU-OIL-FILTER,Filtru ulei,maintenance,IT_MIL,Milan,Italy,South,salary_event_sensitive,471,85,170,7,SUP-MAINT-DE,DACH Maintenance Parts,0.94,61.68,120.48,258.76,8.625,10.099,54.61,1.82,0,0,0,3,monitor,0,low,"Stocul acopera forecast-ul pe orizontul analizat. Include fereastra de salariu, unde istoricul are uplift de cerere."
PEU-BRAKE-FLUID-DOT4,Lichid frana DOT4 1L,brakes,DE_BER,Berlin,Germany,Central,salary_event_sensitive,271,40,80,10,SUP-BRAKES-IT,Nord Italia Braking,0.88,34.98,69.06,148.27,4.942,5.78,54.83,1.828,0,0,0,3,monitor,0,low,"Stocul acopera forecast-ul pe orizontul analizat. Include fereastra de salariu, unde istoricul are uplift de cerere."
PEU-OIL-5W30-5L,Ulei motor 5W30 5L,maintenance,PL_WAW,Warsaw,Poland,Central,salary_event_sensitive,409,70,140,7,SUP-MAINT-DE,DACH Maintenance Parts,0.94,49.65,104.18,221.82,7.394,9.151,55.32,1.844,0,0,0,6,monitor,0,low,"Stocul acopera forecast-ul pe orizontul analizat. Include fereastra de salariu, unde istoricul are uplift de cerere."
PEU-OIL-FILTER,Filtru ulei,maintenance,PL_WAW,Warsaw,Poland,Central,salary_event_sensitive,477,85,170,7,SUP-MAINT-DE,DACH Maintenance Parts,0.94,58.44,121.75,258.51,8.617,10.642,55.35,1.845,0,0,0,6,monitor,0,low,"Stocul acopera forecast-ul pe orizontul analizat. Include fereastra de salariu, unde istoricul are uplift de cerere."
PEU-AIR-FILTER,Filtru aer motor,filters,SE_STO,Stockholm,Sweden,Nordic,fast_moving_stable,385,65,130,10,SUP-FILTERS-FR,Filtres Auto France,0.92,49.72,98.21,208.32,6.944,7.599,55.44,1.848,0,14,0,3,monitor,0,low,Stocul acopera forecast-ul pe orizontul analizat.
PEU-OIL-5W30-5L,Ulei motor 5W30 5L,maintenance,NL_AMS,Amsterdam,Netherlands,West,salary_event_sensitive,403,70,140,7,SUP-MAINT-DE,DACH Maintenance Parts,0.94,51.48,100.99,217.63,7.254,8.738,55.55,1.852,0,0,0,3,monitor,0,low,"Stocul acopera forecast-ul pe orizontul analizat. Include fereastra de salariu, unde istoricul are uplift de cerere."
PEU-BRAKE-FLUID-DOT4,Lichid frana DOT4 1L,brakes,DK_CPH,Copenhagen,Denmark,North_Central,salary_event_sensitive,270,40,80,10,SUP-BRAKES-IT,Nord Italia Braking,0.88,34.31,67.78,145.77,4.859,5.771,55.57,1.852,0,0,0,3,monitor,0,low,"Stocul acopera forecast-ul pe orizontul analizat. Include fereastra de salariu, unde istoricul are uplift de cerere."
PEU-ADBLUE-10L,AdBlue 10L,consumables,NL_AMS,Amsterdam,Netherlands,West,fast_moving_stable,372,60,120,7,SUP-FLUIDS-EU,EuroFluids Logistics,0.93,47.45,94.13,200.71,6.69,7.356,55.6,1.853,0,0,0,3,monitor,0,low,Stocul acopera forecast-ul pe orizontul analizat.
PEU-OIL-FILTER,Filtru ulei,maintenance,NL_AMS,Amsterdam,Netherlands,West,salary_event_sensitive,473,85,170,7,SUP-MAINT-DE,DACH Maintenance Parts,0.94,59.85,117.73,255.23,8.508,10.535,55.6,1.853,0,0,0,3,monitor,0,low,"Stocul acopera forecast-ul pe orizontul analizat. Include fereastra de salariu, unde istoricul are uplift de cerere."
PEU-AIR-FILTER,Filtru aer motor,filters,FI_HEL,Helsinki,Finland,Nordic,fast_moving_stable,386,65,130,10,SUP-FILTERS-FR,Filtres Auto France,0.92,49.76,98.35,208.06,6.935,7.659,55.66,1.855,0,30,0,3,monitor,0,low,Stocul acopera forecast-ul pe orizontul analizat.
PEU-AIR-FILTER,Filtru aer motor,filters,EE_TLL,Tallinn,Estonia,Nordic,fast_moving_stable,388,65,130,10,SUP-FILTERS-FR,Filtres Auto France,0.92,48.91,98.54,208.46,6.949,7.626,55.84,1.861,0,23,0,6,monitor,0,low,Stocul acopera forecast-ul pe orizontul analizat.
PEU-AIR-FILTER,Filtru aer motor,filters,FR_PAR,Paris,France,West,fast_moving_stable,385,65,130,10,SUP-FILTERS-FR,Filtres Auto France,0.92,49.61,97.84,206.82,6.894,7.603,55.85,1.862,0,0,0,3,monitor,0,low,Stocul acopera forecast-ul pe orizontul analizat.
PEU-OIL-5W30-5L,Ulei motor 5W30 5L,maintenance,RO_BUC,Bucharest,Romania,East,salary_event_sensitive,407,70,140,7,SUP-MAINT-DE,DACH Maintenance Parts,0.94,50.17,100.35,218.61,7.287,9.002,55.85,1.862,0,0,0,5,monitor,0,low,"Stocul acopera forecast-ul pe orizontul analizat. Include fereastra de salariu, unde istoricul are uplift de cerere."
PEU-BRAKE-FLUID-DOT4,Lichid frana DOT4 1L,brakes,CZ_PRG,Prague,Czechia,Central,salary_event_sensitive,271,40,80,10,SUP-BRAKES-IT,Nord Italia Braking,0.88,31.95,64.98,144.73,4.824,5.744,56.17,1.872,0,0,0,6,monitor,0,low,"Stocul acopera forecast-ul pe orizontul analizat. Include fereastra de salariu, unde istoricul are uplift de cerere."
PEU-OIL-5W30-5L,Ulei motor 5W30 5L,maintenance,CZ_PRG,Prague,Czechia,Central,salary_event_sensitive,410,70,140,7,SUP-MAINT-DE,DACH Maintenance Parts,0.94,48.82,98.44,218.64,7.288,8.774,56.26,1.875,0,0,0,6,monitor,0,low,"Stocul acopera forecast-ul pe orizontul analizat. Include fereastra de salariu, unde istoricul are uplift de cerere."
PEU-BRAKE-FLUID-DOT4,Lichid frana DOT4 1L,brakes,RO_BUC,Bucharest,Romania,East,salary_event_sensitive,273,40,80,10,SUP-BRAKES-IT,Nord Italia Braking,0.88,33.21,66.72,145.41,4.847,5.647,56.32,1.877,0,0,0,5,monitor,0,low,"Stocul acopera forecast-ul pe orizontul analizat. Include fereastra de salariu, unde istoricul are uplift de cerere."
PEU-OIL-5W30-5L,Ulei motor 5W30 5L,maintenance,DK_CPH,Copenhagen,Denmark,North_Central,salary_event_sensitive,405,70,140,7,SUP-MAINT-DE,DACH Maintenance Parts,0.94,51.02,100.17,215.66,7.189,8.557,56.34,1.878,0,0,0,3,monitor,0,low,"Stocul acopera forecast-ul pe orizontul analizat. Include fereastra de salariu, unde istoricul are uplift de cerere."
PEU-OIL-FILTER,Filtru ulei,maintenance,DE_BER,Berlin,Germany,Central,salary_event_sensitive,474,85,170,7,SUP-MAINT-DE,DACH Maintenance Parts,0.94,59.09,116.29,252.08,8.403,10.456,56.41,1.88,0,0,0,3,monitor,0,low,"Stocul acopera forecast-ul pe orizontul analizat. Include fereastra de salariu, unde istoricul are uplift de cerere."
PEU-ADBLUE-10L,AdBlue 10L,consumables,PL_WAW,Warsaw,Poland,Central,fast_moving_stable,372,60,120,7,SUP-FLUIDS-EU,EuroFluids Logistics,0.93,46.17,92.71,197.45,6.582,7.294,56.52,1.884,0,0,0,6,monitor,0,low,Stocul acopera forecast-ul pe orizontul analizat.
PEU-ADBLUE-10L,AdBlue 10L,consumables,DK_CPH,Copenhagen,Denmark,North_Central,fast_moving_stable,373,60,120,7,SUP-FLUIDS-EU,EuroFluids Logistics,0.93,46.55,92.34,196.84,6.561,7.207,56.85,1.895,0,0,0,3,monitor,0,low,Stocul acopera forecast-ul pe orizontul analizat.
PEU-OIL-5W30-5L,Ulei motor 5W30 5L,maintenance,IT_MIL,Milan,Italy,South,salary_event_sensitive,407,70,140,7,SUP-MAINT-DE,DACH Maintenance Parts,0.94,50.58,99.6,214.55,7.152,8.559,56.91,1.897,0,0,0,3,monitor,0,low,"Stocul acopera forecast-ul pe orizontul analizat. Include fereastra de salariu, unde istoricul are uplift de cerere."
PEU-OIL-FILTER,Filtru ulei,maintenance,DK_CPH,Copenhagen,Denmark,North_Central,salary_event_sensitive,476,85,170,7,SUP-MAINT-DE,DACH Maintenance Parts,0.94,58.38,115.18,250.6,8.353,10.421,56.98,1.899,0,0,0,3,monitor,0,low,"Stocul acopera forecast-ul pe orizontul analizat. Include fereastra de salariu, unde istoricul are uplift de cerere."
PEU-BRAKE-FLUID-DOT4,Lichid frana DOT4 1L,brakes,ES_MAD,Madrid,Spain,South,salary_event_sensitive,270,40,80,10,SUP-BRAKES-IT,Nord Italia Braking,0.88,34.26,66.57,141.91,4.73,5.535,57.08,1.903,0,0,0,3,monitor,0,low,"Stocul acopera forecast-ul pe orizontul analizat. Include fereastra de salariu, unde istoricul are uplift de cerere."
PEU-AIR-FILTER,Filtru aer motor,filters,NL_AMS,Amsterdam,Netherlands,West,fast_moving_stable,387,65,130,10,SUP-FILTERS-FR,Filtres Auto France,0.92,48.34,95.66,203.32,6.777,7.398,57.1,1.903,0,0,0,3,monitor,0,low,Stocul acopera forecast-ul pe orizontul analizat.
PEU-ADBLUE-10L,AdBlue 10L,consumables,IT_MIL,Milan,Italy,South,fast_moving_stable,374,60,120,7,SUP-FLUIDS-EU,EuroFluids Logistics,0.93,46.44,92.31,195.9,6.53,6.987,57.27,1.909,0,0,0,3,monitor,0,low,Stocul acopera forecast-ul pe orizontul analizat.
PEU-AIR-FILTER,Filtru aer motor,filters,DE_BER,Berlin,Germany,Central,fast_moving_stable,388,65,130,10,SUP-FILTERS-FR,Filtres Auto France,0.92,48.13,95.59,203.15,6.772,7.398,57.3,1.91,0,0,0,3,monitor,0,low,Stocul acopera forecast-ul pe orizontul analizat.
PEU-OIL-5W30-5L,Ulei motor 5W30 5L,maintenance,ES_MAD,Madrid,Spain,South,salary_event_sensitive,407,70,140,7,SUP-MAINT-DE,DACH Maintenance Parts,0.94,50.37,99.22,213.03,7.101,8.306,57.31,1.91,0,0,0,3,monitor,0,low,"Stocul acopera forecast-ul pe orizontul analizat. Include fereastra de salariu, unde istoricul are uplift de cerere."
PEU-ADBLUE-10L,AdBlue 10L,consumables,ES_MAD,Madrid,Spain,South,fast_moving_stable,373,60,120,7,SUP-FLUIDS-EU,EuroFluids Logistics,0.93,46.05,91.46,194.89,6.496,6.964,57.42,1.914,0,0,0,3,monitor,0,low,Stocul acopera forecast-ul pe orizontul analizat.
PEU-OIL-FILTER,Filtru ulei,maintenance,CZ_PRG,Prague,Czechia,Central,salary_event_sensitive,479,85,170,7,SUP-MAINT-DE,DACH Maintenance Parts,0.94,56.0,112.88,249.97,8.332,10.21,57.49,1.916,0,0,0,6,monitor,0,low,"Stocul acopera forecast-ul pe orizontul analizat. Include fereastra de salariu, unde istoricul are uplift de cerere."
PEU-CABIN-CARBON,Filtru habitaclu cu carbon,filters,EE_TLL,Tallinn,Estonia,Nordic,fast_moving_stable,332,45,90,10,SUP-FILTERS-FR,Filtres Auto France,0.92,40.8,81.7,173.2,5.773,6.328,57.51,1.917,0,23,0,6,monitor,0,low,Stocul acopera forecast-ul pe orizontul analizat.
PEU-CABIN-CARBON,Filtru habitaclu cu carbon,filters,SE_STO,Stockholm,Sweden,Nordic,fast_moving_stable,332,45,90,10,SUP-FILTERS-FR,Filtres Auto France,0.92,41.29,81.31,172.29,5.743,6.25,57.81,1.927,0,14,0,3,monitor,0,low,Stocul acopera forecast-ul pe orizontul analizat.
PEU-CABIN-CARBON,Filtru habitaclu cu carbon,filters,NL_AMS,Amsterdam,Netherlands,West,fast_moving_stable,331,45,90,10,SUP-FILTERS-FR,Filtres Auto France,0.92,41.4,81.24,171.44,5.715,6.284,57.92,1.931,0,0,0,3,monitor,0,low,Stocul acopera forecast-ul pe orizontul analizat.
PEU-AIR-FILTER,Filtru aer motor,filters,IT_MIL,Milan,Italy,South,fast_moving_stable,389,65,130,10,SUP-FILTERS-FR,Filtres Auto France,0.92,47.53,94.46,201.43,6.714,7.279,57.93,1.931,0,0,0,3,monitor,0,low,Stocul acopera forecast-ul pe orizontul analizat.
PEU-CABIN-CARBON,Filtru habitaclu cu carbon,filters,FR_PAR,Paris,France,West,fast_moving_stable,332,45,90,10,SUP-FILTERS-FR,Filtres Auto France,0.92,40.76,80.29,170.02,5.667,6.219,58.58,1.953,0,0,0,3,monitor,0,low,Stocul acopera forecast-ul pe orizontul analizat.
PEU-OIL-FILTER,Filtru ulei,maintenance,ES_MAD,Madrid,Spain,South,salary_event_sensitive,478,85,170,7,SUP-MAINT-DE,DACH Maintenance Parts,0.94,56.74,112.95,244.35,8.145,9.658,58.69,1.956,0,0,0,3,monitor,0,low,"Stocul acopera forecast-ul pe orizontul analizat. Include fereastra de salariu, unde istoricul are uplift de cerere."
PEU-AIR-FILTER,Filtru aer motor,filters,DK_CPH,Copenhagen,Denmark,North_Central,fast_moving_stable,390,65,130,10,SUP-FILTERS-FR,Filtres Auto France,0.92,47.04,93.2,199.0,6.633,7.317,58.79,1.96,0,0,0,3,monitor,0,low,Stocul acopera forecast-ul pe orizontul analizat.
PEU-ADBLUE-10L,AdBlue 10L,consumables,RO_BUC,Bucharest,Romania,East,fast_moving_stable,375,60,120,7,SUP-FLUIDS-EU,EuroFluids Logistics,0.93,44.42,88.83,191.03,6.368,6.941,58.89,1.963,0,0,0,5,monitor,0,low,Stocul acopera forecast-ul pe orizontul analizat.
PEU-CABIN-CARBON,Filtru habitaclu cu carbon,filters,IT_MIL,Milan,Italy,South,fast_moving_stable,332,45,90,10,SUP-FILTERS-FR,Filtres Auto France,0.92,39.85,78.61,166.84,5.561,6.053,59.7,1.99,0,0,0,3,monitor,0,low,Stocul acopera forecast-ul pe orizontul analizat.
PEU-AIR-FILTER,Filtru aer motor,filters,ES_MAD,Madrid,Spain,South,fast_moving_stable,391,65,130,10,SUP-FILTERS-FR,Filtres Auto France,0.92,46.03,91.62,195.49,6.516,6.915,60.0,2.0,0,0,0,3,monitor,0,low,Stocul acopera forecast-ul pe orizontul analizat.
PEU-AIR-FILTER,Filtru aer motor,filters,PL_WAW,Warsaw,Poland,Central,fast_moving_stable,389,65,130,10,SUP-FILTERS-FR,Filtres Auto France,0.92,45.83,91.41,193.53,6.451,7.118,60.3,2.01,0,0,0,6,monitor,0,low,Stocul acopera forecast-ul pe orizontul analizat.
PEU-CABIN-CARBON,Filtru habitaclu cu carbon,filters,DE_BER,Berlin,Germany,Central,fast_moving_stable,334,45,90,10,SUP-FILTERS-FR,Filtres Auto France,0.92,39.72,78.45,165.85,5.528,6.024,60.42,2.014,0,0,0,3,monitor,0,low,Stocul acopera forecast-ul pe orizontul analizat.
PEU-ADBLUE-10L,AdBlue 10L,consumables,CZ_PRG,Prague,Czechia,Central,fast_moving_stable,376,60,120,7,SUP-FLUIDS-EU,EuroFluids Logistics,0.93,43.53,86.58,186.62,6.221,6.822,60.44,2.015,0,0,0,6,monitor,0,low,Stocul acopera forecast-ul pe orizontul analizat.
PEU-AIR-FILTER,Filtru aer motor,filters,CZ_PRG,Prague,Czechia,Central,fast_moving_stable,393,65,130,10,SUP-FILTERS-FR,Filtres Auto France,0.92,45.41,90.52,194.7,6.49,7.108,60.56,2.019,0,0,0,6,monitor,0,low,Stocul acopera forecast-ul pe orizontul analizat.
PEU-CABIN-CARBON,Filtru habitaclu cu carbon,filters,PL_WAW,Warsaw,Poland,Central,fast_moving_stable,335,45,90,10,SUP-FILTERS-FR,Filtres Auto France,0.92,39.22,78.46,165.77,5.526,6.132,60.62,2.021,0,0,0,6,monitor,0,low,Stocul acopera forecast-ul pe orizontul analizat.
PEU-OIL-FILTER,Filtru ulei,maintenance,RO_BUC,Bucharest,Romania,East,salary_event_sensitive,481,85,170,7,SUP-MAINT-DE,DACH Maintenance Parts,0.94,55.17,109.38,236.51,7.884,9.624,61.01,2.034,0,0,0,5,monitor,0,low,"Stocul acopera forecast-ul pe orizontul analizat. Include fereastra de salariu, unde istoricul are uplift de cerere."
PEU-CABIN-CARBON,Filtru habitaclu cu carbon,filters,ES_MAD,Madrid,Spain,South,fast_moving_stable,334,45,90,10,SUP-FILTERS-FR,Filtres Auto France,0.92,38.52,76.12,161.73,5.391,5.892,61.95,2.065,0,0,0,3,monitor,0,low,Stocul acopera forecast-ul pe orizontul analizat.
PEU-AIR-FILTER,Filtru aer motor,filters,RO_BUC,Bucharest,Romania,East,fast_moving_stable,393,65,130,10,SUP-FILTERS-FR,Filtres Auto France,0.92,44.42,88.53,190.26,6.342,6.906,61.97,2.066,0,0,0,5,monitor,0,low,Stocul acopera forecast-ul pe orizontul analizat.
PEU-CABIN-CARBON,Filtru habitaclu cu carbon,filters,CZ_PRG,Prague,Czechia,Central,fast_moving_stable,336,45,90,10,SUP-FILTERS-FR,Filtres Auto France,0.92,37.78,74.88,160.75,5.358,5.857,62.71,2.09,0,0,0,6,monitor,0,low,Stocul acopera forecast-ul pe orizontul analizat.
PEU-CABIN-CARBON,Filtru habitaclu cu carbon,filters,RO_BUC,Bucharest,Romania,East,fast_moving_stable,337,45,90,10,SUP-FILTERS-FR,Filtres Auto France,0.92,36.38,72.39,154.97,5.166,5.65,65.24,2.175,0,0,0,5,monitor,0,low,Stocul acopera forecast-ul pe orizontul analizat.
PEU-CABIN-CARBON,Filtru habitaclu cu carbon,filters,DK_CPH,Copenhagen,Denmark,North_Central,fast_moving_stable,338,45,90,10,SUP-FILTERS-FR,Filtres Auto France,0.92,36.46,72.12,154.06,5.135,5.558,65.82,2.194,0,0,0,3,monitor,0,low,Stocul acopera forecast-ul pe orizontul analizat.
PEU-WF-WINTER-5L,Lichid parbriz iarna -20C 5L,winter_fluids,DK_CPH,Copenhagen,Denmark,North_Central,promotion_travel_sensitive,340,80,160,14,SUP-FLUIDS-EU,EuroFluids Logistics,0.93,191.75,369.72,713.57,23.786,30.457,14.29,0.476,0,0,0,3,order,240,medium,Risc stockout: 14.3 zile acoperire vs lead time 14 zile.
PEU-WINTER-TIRE-205,Anvelopa iarna 205/55R16,tires,NL_AMS,Amsterdam,Netherlands,West,winter_weather_sensitive,175,22,44,21,SUP-TIRES-PL,Central Europe Tyres,0.89,58.66,114.38,240.6,8.02,9.08,21.82,0.727,0,0,0,3,order,72,medium,"Risc stockout: 21.8 zile acoperire vs lead time 21 zile. Include fereastra de salariu, unde istoricul are uplift de cerere."
PEU-WINTER-TIRE-205,Anvelopa iarna 205/55R16,tires,IT_MIL,Milan,Italy,South,winter_weather_sensitive,179,22,44,21,SUP-TIRES-PL,Central Europe Tyres,0.89,56.59,110.7,232.2,7.74,8.531,23.13,0.771,0,0,0,3,order,60,medium,"Risc stockout: 23.1 zile acoperire vs lead time 21 zile. Include fereastra de salariu, unde istoricul are uplift de cerere."
PEU-WINTER-TIRE-205,Anvelopa iarna 205/55R16,tires,ES_MAD,Madrid,Spain,South,winter_weather_sensitive,180,22,44,21,SUP-TIRES-PL,Central Europe Tyres,0.89,55.29,108.78,228.92,7.631,8.439,23.59,0.786,0,0,0,3,order,56,medium,"Risc stockout: 23.6 zile acoperire vs lead time 21 zile. Include fereastra de salariu, unde istoricul are uplift de cerere."
PEU-AC-REFILL,Kit incarcare clima R134a/R1234yf,ac_cooling,FI_HEL,Helsinki,Finland,Nordic,summer_heat_sensitive,210,15,30,14,SUP-CLIMATE-ES,Iberia Climate Systems,0.87,20.63,40.64,87.54,2.918,3.193,71.97,2.399,0,30,0,3,reduce,180,medium,Stoc peste optim: acoperire 2.4x fata de cererea estimata pe 30 zile.
PEU-AC-REFILL,Kit incarcare clima R134a/R1234yf,ac_cooling,FR_PAR,Paris,France,West,summer_heat_sensitive,212,15,30,14,SUP-CLIMATE-ES,Iberia Climate Systems,0.87,20.08,39.74,85.13,2.838,3.09,74.71,2.49,0,0,0,3,reduce,182,medium,Stoc peste optim: acoperire 2.5x fata de cererea estimata pe 30 zile.
PEU-AC-REFILL,Kit incarcare clima R134a/R1234yf,ac_cooling,SE_STO,Stockholm,Sweden,Nordic,summer_heat_sensitive,213,15,30,14,SUP-CLIMATE-ES,Iberia Climate Systems,0.87,20.14,39.76,85.19,2.84,3.197,75.01,2.5,0,14,0,3,reduce,183,medium,Stoc peste optim: acoperire 2.5x fata de cererea estimata pe 30 zile.
PEU-AC-REFILL,Kit incarcare clima R134a/R1234yf,ac_cooling,EE_TLL,Tallinn,Estonia,Nordic,summer_heat_sensitive,216,15,30,14,SUP-CLIMATE-ES,Iberia Climate Systems,0.87,19.74,40.7,85.38,2.846,3.391,75.89,2.53,0,23,0,6,reduce,186,medium,Stoc peste optim: acoperire 2.5x fata de cererea estimata pe 30 zile.
PEU-AC-REFILL,Kit incarcare clima R134a/R1234yf,ac_cooling,NL_AMS,Amsterdam,Netherlands,West,summer_heat_sensitive,213,15,30,14,SUP-CLIMATE-ES,Iberia Climate Systems,0.87,19.48,38.39,82.16,2.739,3.025,77.77,2.592,0,0,0,3,reduce,183,medium,Stoc peste optim: acoperire 2.6x fata de cererea estimata pe 30 zile.
PEU-AC-REFILL,Kit incarcare clima R134a/R1234yf,ac_cooling,IT_MIL,Milan,Italy,South,summer_heat_sensitive,215,15,30,14,SUP-CLIMATE-ES,Iberia Climate Systems,0.87,19.31,38.18,81.97,2.732,2.984,78.68,2.623,0,0,0,3,reduce,185,medium,Stoc peste optim: acoperire 2.6x fata de cererea estimata pe 30 zile.
PEU-AC-REFILL,Kit incarcare clima R134a/R1234yf,ac_cooling,DK_CPH,Copenhagen,Denmark,North_Central,summer_heat_sensitive,214,15,30,14,SUP-CLIMATE-ES,Iberia Climate Systems,0.87,19.11,37.76,81.4,2.713,3.01,78.87,2.629,0,0,0,3,reduce,184,medium,Stoc peste optim: acoperire 2.6x fata de cererea estimata pe 30 zile.
PEU-AC-REFILL,Kit incarcare clima R134a/R1234yf,ac_cooling,CZ_PRG,Prague,Czechia,Central,summer_heat_sensitive,214,15,30,14,SUP-CLIMATE-ES,Iberia Climate Systems,0.87,19.15,37.78,81.21,2.707,3.137,79.06,2.635,0,0,0,6,reduce,184,medium,Stoc peste optim: acoperire 2.6x fata de cererea estimata pe 30 zile.
PEU-AC-REFILL,Kit incarcare clima R134a/R1234yf,ac_cooling,RO_BUC,Bucharest,Romania,East,summer_heat_sensitive,218,15,30,14,SUP-CLIMATE-ES,Iberia Climate Systems,0.87,18.97,37.87,82.54,2.751,3.377,79.23,2.641,0,0,0,5,reduce,188,medium,Stoc peste optim: acoperire 2.6x fata de cererea estimata pe 30 zile.
PEU-AC-REFILL,Kit incarcare clima R134a/R1234yf,ac_cooling,PL_WAW,Warsaw,Poland,Central,summer_heat_sensitive,216,15,30,14,SUP-CLIMATE-ES,Iberia Climate Systems,0.87,18.9,38.89,81.75,2.725,3.286,79.27,2.642,0,0,0,6,reduce,186,medium,Stoc peste optim: acoperire 2.6x fata de cererea estimata pe 30 zile.
PEU-AC-REFILL,Kit incarcare clima R134a/R1234yf,ac_cooling,DE_BER,Berlin,Germany,Central,summer_heat_sensitive,215,15,30,14,SUP-CLIMATE-ES,Iberia Climate Systems,0.87,19.07,37.49,80.75,2.692,3.011,79.87,2.662,0,0,0,3,reduce,185,medium,Stoc peste optim: acoperire 2.7x fata de cererea estimata pe 30 zile.
PEU-AC-REFILL,Kit incarcare clima R134a/R1234yf,ac_cooling,ES_MAD,Madrid,Spain,South,summer_heat_sensitive,217,15,30,14,SUP-CLIMATE-ES,Iberia Climate Systems,0.87,19.28,37.75,80.68,2.689,3.155,80.69,2.69,0,0,0,3,reduce,187,medium,Stoc peste optim: acoperire 2.7x fata de cererea estimata pe 30 zile.
PEU-SUMMER-TIRE-205,Anvelopa vara 205/55R16,tires,EE_TLL,Tallinn,Estonia,Nordic,fast_moving_stable,215,20,40,21,SUP-TIRES-PL,Central Europe Tyres,0.89,13.94,28.4,59.95,1.998,2.271,107.58,3.586,0,23,0,6,reduce,175,medium,"Stoc peste optim: acoperire 3.6x fata de cererea estimata pe 30 zile. Include fereastra de salariu, unde istoricul are uplift de cerere."
PEU-SUMMER-TIRE-205,Anvelopa vara 205/55R16,tires,FI_HEL,Helsinki,Finland,Nordic,fast_moving_stable,216,20,40,21,SUP-TIRES-PL,Central Europe Tyres,0.89,13.65,27.45,59.2,1.973,2.27,109.46,3.649,0,30,0,3,reduce,176,medium,"Stoc peste optim: acoperire 3.6x fata de cererea estimata pe 30 zile. Include fereastra de salariu, unde istoricul are uplift de cerere."
PEU-SUMMER-TIRE-205,Anvelopa vara 205/55R16,tires,SE_STO,Stockholm,Sweden,Nordic,fast_moving_stable,217,20,40,21,SUP-TIRES-PL,Central Europe Tyres,0.89,13.85,27.43,58.47,1.949,2.08,111.34,3.711,0,14,0,3,reduce,177,medium,"Stoc peste optim: acoperire 3.7x fata de cererea estimata pe 30 zile. Include fereastra de salariu, unde istoricul are uplift de cerere."
PEU-SUMMER-TIRE-205,Anvelopa vara 205/55R16,tires,DK_CPH,Copenhagen,Denmark,North_Central,fast_moving_stable,216,20,40,21,SUP-TIRES-PL,Central Europe Tyres,0.89,13.35,26.59,56.87,1.896,2.062,113.94,3.798,0,0,0,3,reduce,176,medium,"Stoc peste optim: acoperire 3.8x fata de cererea estimata pe 30 zile. Include fereastra de salariu, unde istoricul are uplift de cerere."
PEU-SUMMER-TIRE-205,Anvelopa vara 205/55R16,tires,ES_MAD,Madrid,Spain,South,fast_moving_stable,218,20,40,21,SUP-TIRES-PL,Central Europe Tyres,0.89,13.41,26.63,56.71,1.89,2.045,115.32,3.844,0,0,0,3,reduce,178,medium,"Stoc peste optim: acoperire 3.8x fata de cererea estimata pe 30 zile. Include fereastra de salariu, unde istoricul are uplift de cerere."
PEU-SUMMER-TIRE-205,Anvelopa vara 205/55R16,tires,PL_WAW,Warsaw,Poland,Central,slow_moving_intermittent,218,20,40,21,SUP-TIRES-PL,Central Europe Tyres,0.89,13.31,26.62,56.6,1.887,2.049,115.56,3.852,0,0,0,6,reduce,178,medium,"Stoc peste optim: acoperire 3.9x fata de cererea estimata pe 30 zile. Include fereastra de salariu, unde istoricul are uplift de cerere."
PEU-SUMMER-TIRE-205,Anvelopa vara 205/55R16,tires,FR_PAR,Paris,France,West,fast_moving_stable,218,20,40,21,SUP-TIRES-PL,Central Europe Tyres,0.89,13.35,26.49,56.58,1.886,2.049,115.59,3.853,0,0,0,3,reduce,178,medium,"Stoc peste optim: acoperire 3.9x fata de cererea estimata pe 30 zile. Include fereastra de salariu, unde istoricul are uplift de cerere."
PEU-SUMMER-TIRE-205,Anvelopa vara 205/55R16,tires,IT_MIL,Milan,Italy,South,fast_moving_stable,219,20,40,21,SUP-TIRES-PL,Central Europe Tyres,0.89,13.41,26.58,56.68,1.889,2.018,115.92,3.864,0,0,0,3,reduce,179,medium,"Stoc peste optim: acoperire 3.9x fata de cererea estimata pe 30 zile. Include fereastra de salariu, unde istoricul are uplift de cerere."
PEU-SUMMER-TIRE-205,Anvelopa vara 205/55R16,tires,NL_AMS,Amsterdam,Netherlands,West,fast_moving_stable,219,20,40,21,SUP-TIRES-PL,Central Europe Tyres,0.89,13.35,26.55,56.63,1.888,2.036,116.02,3.867,0,0,0,3,reduce,179,medium,"Stoc peste optim: acoperire 3.9x fata de cererea estimata pe 30 zile. Include fereastra de salariu, unde istoricul are uplift de cerere."
PEU-SUMMER-TIRE-205,Anvelopa vara 205/55R16,tires,DE_BER,Berlin,Germany,Central,fast_moving_stable,218,20,40,21,SUP-TIRES-PL,Central Europe Tyres,0.89,13.31,26.29,56.16,1.872,2.004,116.45,3.882,0,0,0,3,reduce,178,medium,"Stoc peste optim: acoperire 3.9x fata de cererea estimata pe 30 zile. Include fereastra de salariu, unde istoricul are uplift de cerere."
PEU-SUMMER-TIRE-205,Anvelopa vara 205/55R16,tires,CZ_PRG,Prague,Czechia,Central,fast_moving_stable,218,20,40,21,SUP-TIRES-PL,Central Europe Tyres,0.89,13.34,26.3,56.15,1.872,2.05,116.46,3.882,0,0,0,6,reduce,178,medium,"Stoc peste optim: acoperire 3.9x fata de cererea estimata pe 30 zile. Include fereastra de salariu, unde istoricul are uplift de cerere."
PEU-SUMMER-TIRE-205,Anvelopa vara 205/55R16,tires,RO_BUC,Bucharest,Romania,East,fast_moving_stable,221,20,40,21,SUP-TIRES-PL,Central Europe Tyres,0.89,13.05,26.07,55.88,1.863,2.005,118.66,3.955,0,0,0,5,reduce,181,medium,"Stoc peste optim: acoperire 4.0x fata de cererea estimata pe 30 zile. Include fereastra de salariu, unde istoricul are uplift de cerere."
