sku,location_id,part_name,category,city,country_code,climate_zone,avg_daily_demand,std_daily_demand,cv_demand,zero_sales_share,stockout_rate,winter_ratio,summer_ratio,payday_uplift,weather_spike_uplift,cold_snap_uplift,heatwave_uplift,promotion_uplift,travel_event_uplift,mean_stock_end,cluster,segment_name,segment_explanation
PEU-AC-REFILL,CZ_PRG,Kit incarcare clima R134a/R1234yf,ac_cooling,Prague,Czechia,Central,6.38988,5.41971,0.84817,0.0,0.0,0.29975,4.0672,1.0341,0.6309,1.24222,3.02664,0.8865,,190.35705,3,summer_heat_sensitive,Cerere sensibila la caldura si valuri de caldura.
PEU-AC-REFILL,DE_BER,Kit incarcare clima R134a/R1234yf,ac_cooling,Berlin,Germany,Central,6.79891,5.69174,0.83716,0.0,0.0,0.30386,3.99956,1.0318,0.7199,1.25447,2.95419,0.90344,,187.4829,3,summer_heat_sensitive,Cerere sensibila la caldura si valuri de caldura.
PEU-AC-REFILL,DK_CPH,Kit incarcare clima R134a/R1234yf,ac_cooling,Copenhagen,Denmark,North_Central,6.50616,5.30244,0.81499,0.0,0.0,0.31173,3.90356,1.06281,0.96081,1.27293,2.61203,0.9221,,189.54036,3,summer_heat_sensitive,Cerere sensibila la caldura si valuri de caldura.
PEU-AC-REFILL,EE_TLL,Kit incarcare clima R134a/R1234yf,ac_cooling,Tallinn,Estonia,Nordic,6.90561,5.61931,0.81373,0.0,0.0,0.30816,3.9314,1.04319,0.46911,0.40051,2.54203,0.9039,,186.73461,3,summer_heat_sensitive,Cerere sensibila la caldura si valuri de caldura.
PEU-AC-REFILL,ES_MAD,Kit incarcare clima R134a/R1234yf,ac_cooling,Madrid,Spain,South,9.05198,8.76085,0.96784,0.0,0.0,0.22491,5.57369,1.09766,1.35607,1.42345,6.17644,0.90964,,171.70999,3,summer_heat_sensitive,Cerere sensibila la caldura si valuri de caldura.
PEU-AC-REFILL,FI_HEL,Kit incarcare clima R134a/R1234yf,ac_cooling,Helsinki,Finland,Nordic,7.38577,6.02403,0.81563,0.0,0.0,0.31138,3.92561,1.05271,0.44518,0.38643,2.52991,0.9023,,183.40219,3,summer_heat_sensitive,Cerere sensibila la caldura si valuri de caldura.
PEU-AC-REFILL,FR_PAR,Kit incarcare clima R134a/R1234yf,ac_cooling,Paris,France,West,7.26129,6.20259,0.8542,0.0,0.0,0.29724,4.09862,1.02484,1.72804,1.25564,3.09288,0.89336,,184.27223,3,summer_heat_sensitive,Cerere sensibila la caldura si valuri de caldura.
PEU-AC-REFILL,IT_MIL,Kit incarcare clima R134a/R1234yf,ac_cooling,Milan,Italy,South,8.66074,8.73409,1.00847,0.0,0.0,0.21485,5.7476,1.06397,1.58706,1.5734,5.43023,0.97734,,174.46512,3,summer_heat_sensitive,Cerere sensibila la caldura si valuri de caldura.
PEU-AC-REFILL,NL_AMS,Kit incarcare clima R134a/R1234yf,ac_cooling,Amsterdam,Netherlands,West,6.75787,5.51483,0.81606,0.0,0.0,0.30738,3.94189,1.05699,1.6949,1.23805,2.525,0.91309,,187.77839,3,summer_heat_sensitive,Cerere sensibila la caldura si valuri de caldura.
PEU-AC-REFILL,PL_WAW,Kit incarcare clima R134a/R1234yf,ac_cooling,Warsaw,Poland,Central,6.5814,5.62386,0.85451,0.0,0.0,0.2985,4.0931,1.03278,0.59173,0.87267,3.06177,0.91896,,189.00547,3,summer_heat_sensitive,Cerere sensibila la caldura si valuri de caldura.
PEU-AC-REFILL,RO_BUC,Kit incarcare clima R134a/R1234yf,ac_cooling,Bucharest,Romania,East,7.55677,7.64109,1.01116,0.0,0.0,0.2281,5.38214,1.09142,0.58914,1.60656,4.9404,0.74031,,182.17647,3,summer_heat_sensitive,Cerere sensibila la caldura si valuri de caldura.
PEU-AC-REFILL,SE_STO,Kit incarcare clima R134a/R1234yf,ac_cooling,Stockholm,Sweden,Nordic,7.09986,5.79845,0.8167,0.0,0.0,0.30744,3.94651,1.0497,0.47976,0.42217,2.54685,0.89263,,185.3844,3,summer_heat_sensitive,Cerere sensibila la caldura si valuri de caldura.
PEU-ADBLUE-10L,CZ_PRG,AdBlue 10L,consumables,Prague,Czechia,Central,6.34884,0.69594,0.10962,0.0,0.0,1.00332,0.99921,1.09975,0.9757,1.01784,0.9825,1.10915,,377.74692,2,fast_moving_stable,SKU-locatie cu rulaj mare si cerere relativ stabila.
PEU-ADBLUE-10L,DE_BER,AdBlue 10L,consumables,Berlin,Germany,Central,6.75923,0.71683,0.10605,0.0,0.0,0.99364,1.00657,1.08274,0.98234,1.0241,0.99629,1.10876,,374.90561,2,fast_moving_stable,SKU-locatie cu rulaj mare si cerere relativ stabila.
PEU-ADBLUE-10L,DK_CPH,AdBlue 10L,consumables,Copenhagen,Denmark,North_Central,6.63201,0.75981,0.11457,0.0,0.0,1.00458,0.99495,1.10512,0.98862,1.01841,0.96257,1.11121,,375.77291,2,fast_moving_stable,SKU-locatie cu rulaj mare si cerere relativ stabila.
PEU-ADBLUE-10L,EE_TLL,AdBlue 10L,consumables,Tallinn,Estonia,Nordic,7.10123,0.70615,0.09944,0.0,0.0,0.99446,1.01047,1.07304,0.99425,0.98995,1.00346,1.0934,,372.5171,2,fast_moving_stable,SKU-locatie cu rulaj mare si cerere relativ stabila.
PEU-ADBLUE-10L,ES_MAD,AdBlue 10L,consumables,Madrid,Spain,South,6.5212,0.70023,0.10738,0.0,0.0,0.99013,1.01206,1.08182,0.99505,1.00985,1.01182,1.10668,,376.54993,2,fast_moving_stable,SKU-locatie cu rulaj mare si cerere relativ stabila.
PEU-ADBLUE-10L,FI_HEL,AdBlue 10L,consumables,Helsinki,Finland,Nordic,7.52941,0.76528,0.10164,0.0,0.0,0.99035,1.00879,1.08039,0.98427,0.9749,1.00168,1.1267,,369.51436,2,fast_moving_stable,SKU-locatie cu rulaj mare si cerere relativ stabila.
PEU-ADBLUE-10L,FR_PAR,AdBlue 10L,consumables,Paris,France,West,7.12175,0.75994,0.10671,0.0,0.0,0.99626,1.00694,1.09373,0.98717,1.00652,0.95361,1.1201,,372.36799,2,fast_moving_stable,SKU-locatie cu rulaj mare si cerere relativ stabila.
PEU-ADBLUE-10L,IT_MIL,AdBlue 10L,consumables,Milan,Italy,South,6.74419,0.75724,0.11228,0.0,0.0,0.99644,1.00814,1.09288,0.99438,1.00089,1.01855,1.10742,,374.98769,2,fast_moving_stable,SKU-locatie cu rulaj mare si cerere relativ stabila.
PEU-ADBLUE-10L,NL_AMS,AdBlue 10L,consumables,Amsterdam,Netherlands,West,6.86867,0.76105,0.1108,0.0,0.0,0.99985,1.00564,1.09648,0.99256,1.00667,0.96962,1.10554,,374.12859,2,fast_moving_stable,SKU-locatie cu rulaj mare si cerere relativ stabila.
PEU-ADBLUE-10L,PL_WAW,AdBlue 10L,consumables,Warsaw,Poland,Central,6.53215,0.70371,0.10773,0.0,0.0,0.999,1.00478,1.08763,0.98035,0.98705,0.98031,1.12521,,376.4788,2,fast_moving_stable,SKU-locatie cu rulaj mare si cerere relativ stabila.
PEU-ADBLUE-10L,RO_BUC,AdBlue 10L,consumables,Bucharest,Romania,East,6.27086,0.70601,0.11259,0.0,0.0,1.00259,0.99938,1.09602,0.98465,1.01984,1.01466,1.11956,,378.28865,2,fast_moving_stable,SKU-locatie cu rulaj mare si cerere relativ stabila.
PEU-ADBLUE-10L,SE_STO,AdBlue 10L,consumables,Stockholm,Sweden,Nordic,7.2435,0.74218,0.10246,0.0,0.0,0.9873,1.01368,1.09021,0.98645,0.9727,0.99498,1.10746,,371.50889,2,fast_moving_stable,SKU-locatie cu rulaj mare si cerere relativ stabila.
PEU-AIR-FILTER,CZ_PRG,Filtru aer motor,filters,Prague,Czechia,Central,6.43776,0.69581,0.10808,0.0,0.0,0.99647,1.00316,1.09603,0.96921,0.98324,0.95501,1.10948,,396.12722,2,fast_moving_stable,SKU-locatie cu rulaj mare si cerere relativ stabila.
PEU-AIR-FILTER,DE_BER,Filtru aer motor,filters,Berlin,Germany,Central,6.89193,0.72898,0.10577,0.0,0.0,0.9975,1.00587,1.07916,0.98095,1.00997,0.99407,1.12877,,392.97401,2,fast_moving_stable,SKU-locatie cu rulaj mare si cerere relativ stabila.
PEU-AIR-FILTER,DK_CPH,Filtru aer motor,filters,Copenhagen,Denmark,North_Central,6.76471,0.73185,0.10819,0.0,0.0,0.98517,1.01629,1.10214,0.97975,1.01687,0.96296,1.09989,,393.85499,2,fast_moving_stable,SKU-locatie cu rulaj mare si cerere relativ stabila.
PEU-AIR-FILTER,EE_TLL,Filtru aer motor,filters,Tallinn,Estonia,Nordic,7.18057,0.76533,0.10658,0.0,0.0,0.99629,1.00306,1.087,0.99878,0.99072,0.992,1.10661,,390.95486,2,fast_moving_stable,SKU-locatie cu rulaj mare si cerere relativ stabila.
PEU-AIR-FILTER,ES_MAD,Filtru aer motor,filters,Madrid,Spain,South,6.63611,0.72403,0.1091,0.0,0.0,0.99886,0.9876,1.08784,0.99297,1.01775,0.99437,1.11048,,394.74555,2,fast_moving_stable,SKU-locatie cu rulaj mare si cerere relativ stabila.
PEU-AIR-FILTER,FI_HEL,Filtru aer motor,filters,Helsinki,Finland,Nordic,7.66895,0.79489,0.10365,0.0,0.0,0.99466,1.00195,1.09098,0.99824,0.9927,0.99969,1.12235,,387.54036,2,fast_moving_stable,SKU-locatie cu rulaj mare si cerere relativ stabila.
PEU-AIR-FILTER,FR_PAR,Filtru aer motor,filters,Paris,France,West,7.24487,0.7751,0.10699,0.0,0.0,0.99762,1.00318,1.09741,0.9856,0.99479,0.95727,1.12572,,390.51163,2,fast_moving_stable,SKU-locatie cu rulaj mare si cerere relativ stabila.
PEU-AIR-FILTER,IT_MIL,Filtru aer motor,filters,Milan,Italy,South,6.85363,0.74096,0.10811,0.0,0.0,0.99935,1.0009,1.09296,0.99728,1.0221,1.00713,1.11594,,393.22709,2,fast_moving_stable,SKU-locatie cu rulaj mare si cerere relativ stabila.
PEU-AIR-FILTER,NL_AMS,Filtru aer motor,filters,Amsterdam,Netherlands,West,6.99179,0.73783,0.10553,0.0,0.0,0.99398,1.00969,1.08475,1.00404,0.99479,1.00121,1.11928,,392.27907,2,fast_moving_stable,SKU-locatie cu rulaj mare si cerere relativ stabila.
PEU-AIR-FILTER,PL_WAW,Filtru aer motor,filters,Warsaw,Poland,Central,6.6156,0.73321,0.11083,0.0,0.0,1.00117,0.99682,1.10649,0.97649,0.99292,0.96727,1.10201,,394.9015,2,fast_moving_stable,SKU-locatie cu rulaj mare si cerere relativ stabila.
PEU-AIR-FILTER,RO_BUC,Filtru aer motor,filters,Bucharest,Romania,East,6.41997,0.70766,0.11023,0.0,0.0,0.99608,1.00352,1.09894,0.97845,1.00938,1.01025,1.11275,,396.25308,2,fast_moving_stable,SKU-locatie cu rulaj mare si cerere relativ stabila.
PEU-AIR-FILTER,SE_STO,Filtru aer motor,filters,Stockholm,Sweden,Nordic,7.36525,0.77889,0.10575,0.0,0.0,0.99602,1.00262,1.09836,0.99693,0.98937,0.97799,1.11341,,389.67579,2,fast_moving_stable,SKU-locatie cu rulaj mare si cerere relativ stabila.
PEU-ANTIFREEZE-G12,CZ_PRG,Antigel G12 concentrat 1L,coolant,Prague,Czechia,Central,6.74966,1.97633,0.2928,0.0,0.0,1.13121,0.96553,1.08026,1.13851,1.40099,1.30521,1.27448,,321.02462,2,fast_moving_stable,SKU-locatie cu rulaj mare si cerere relativ stabila.
PEU-ANTIFREEZE-G12,DE_BER,Antigel G12 concentrat 1L,coolant,Berlin,Germany,Central,7.17647,2.08645,0.29073,0.0,0.0,1.13517,0.95758,1.07818,1.1486,1.41231,1.35389,1.28422,,318.04514,2,fast_moving_stable,SKU-locatie cu rulaj mare si cerere relativ stabila.
PEU-ANTIFREEZE-G12,DK_CPH,Antigel G12 concentrat 1L,coolant,Copenhagen,Denmark,North_Central,7.04514,2.06114,0.29256,0.0,0.0,1.13493,0.9579,1.08022,1.20889,1.40221,1.37367,1.29058,,318.96443,2,fast_moving_stable,SKU-locatie cu rulaj mare si cerere relativ stabila.
PEU-ANTIFREEZE-G12,EE_TLL,Antigel G12 concentrat 1L,coolant,Tallinn,Estonia,Nordic,7.86594,2.46087,0.31285,0.0,0.0,1.23745,0.88757,1.08448,1.35459,1.29897,1.30545,1.22588,,313.28865,2,fast_moving_stable,SKU-locatie cu rulaj mare si cerere relativ stabila.
PEU-ANTIFREEZE-G12,ES_MAD,Antigel G12 concentrat 1L,coolant,Madrid,Spain,South,7.29138,2.07154,0.28411,0.0,0.0,1.02516,1.08676,1.0816,1.29462,1.4254,1.13886,1.28866,,317.23666,2,fast_moving_stable,SKU-locatie cu rulaj mare si cerere relativ stabila.
PEU-ANTIFREEZE-G12,FI_HEL,Antigel G12 concentrat 1L,coolant,Helsinki,Finland,Nordic,8.45691,2.64947,0.31329,0.0,0.0,1.24341,0.88348,1.08321,1.32986,1.32045,1.30893,1.23992,,309.17237,2,fast_moving_stable,SKU-locatie cu rulaj mare si cerere relativ stabila.
PEU-ANTIFREEZE-G12,FR_PAR,Antigel G12 concentrat 1L,coolant,Paris,France,West,7.57182,2.2096,0.29182,0.0,0.0,1.12329,0.96825,1.0692,1.3944,1.40517,1.29856,1.29504,,315.30096,2,fast_moving_stable,SKU-locatie cu rulaj mare si cerere relativ stabila.
PEU-ANTIFREEZE-G12,IT_MIL,Antigel G12 concentrat 1L,coolant,Milan,Italy,South,7.39124,2.22967,0.30166,0.0,0.0,1.04265,1.06242,1.09208,1.34519,1.45318,1.28777,1.26997,,316.55814,2,fast_moving_stable,SKU-locatie cu rulaj mare si cerere relativ stabila.
PEU-ANTIFREEZE-G12,NL_AMS,Antigel G12 concentrat 1L,coolant,Amsterdam,Netherlands,West,7.29822,2.15189,0.29485,0.0,0.0,1.13655,0.95505,1.07602,1.37424,1.42473,1.38158,1.28736,,317.19836,2,fast_moving_stable,SKU-locatie cu rulaj mare si cerere relativ stabila.
PEU-ANTIFREEZE-G12,PL_WAW,Antigel G12 concentrat 1L,coolant,Warsaw,Poland,Central,6.97401,2.01788,0.28934,0.0,0.0,1.13945,0.95279,1.06756,1.14989,1.31377,1.30797,1.28516,,319.45417,2,fast_moving_stable,SKU-locatie cu rulaj mare si cerere relativ stabila.
PEU-ANTIFREEZE-G12,RO_BUC,Antigel G12 concentrat 1L,coolant,Bucharest,Romania,East,6.87004,2.03749,0.29658,0.0,0.0,1.05073,1.04892,1.09055,1.09857,1.45728,1.31738,1.25053,,320.18468,2,fast_moving_stable,SKU-locatie cu rulaj mare si cerere relativ stabila.
PEU-ANTIFREEZE-G12,SE_STO,Antigel G12 concentrat 1L,coolant,Stockholm,Sweden,Nordic,8.02736,2.46881,0.30755,0.0,0.0,1.22968,0.88924,1.07327,1.32244,1.26259,1.32733,1.25016,,312.16963,2,fast_moving_stable,SKU-locatie cu rulaj mare si cerere relativ stabila.
PEU-BATT-70AH,CZ_PRG,Baterie 70Ah AGM/EFB,battery,Prague,Czechia,Central,3.80301,0.80494,0.21166,0.0,0.0,1.00701,1.01207,1.05173,1.07973,1.89472,0.92757,1.22442,,165.49111,2,fast_moving_stable,SKU-locatie cu rulaj mare si cerere relativ stabila.
PEU-BATT-70AH,DE_BER,Baterie 70Ah AGM/EFB,battery,Berlin,Germany,Central,4.04651,0.80899,0.19992,0.0,0.0,0.98245,1.02221,1.04188,1.09332,1.86365,0.98034,1.22589,,163.78659,2,fast_moving_stable,SKU-locatie cu rulaj mare si cerere relativ stabila.
PEU-BATT-70AH,DK_CPH,Baterie 70Ah AGM/EFB,battery,Copenhagen,Denmark,North_Central,3.94802,0.82042,0.2078,0.0,0.0,0.98461,1.02628,1.07112,1.15078,1.87847,0.99086,1.1969,,164.47332,2,fast_moving_stable,SKU-locatie cu rulaj mare si cerere relativ stabila.
PEU-BATT-70AH,EE_TLL,Baterie 70Ah AGM/EFB,battery,Tallinn,Estonia,Nordic,4.89466,1.32888,0.2715,0.0,0.0,1.25558,0.83107,1.08778,1.41829,1.60515,0.82957,1.06079,,157.9357,2,fast_moving_stable,SKU-locatie cu rulaj mare si cerere relativ stabila.
PEU-BATT-70AH,ES_MAD,Baterie 70Ah AGM/EFB,battery,Madrid,Spain,South,3.91108,0.82805,0.21172,0.0,0.0,0.97702,1.03306,1.07105,1.36517,1.88568,1.02975,1.21591,,164.73324,2,fast_moving_stable,SKU-locatie cu rulaj mare si cerere relativ stabila.
PEU-BATT-70AH,FI_HEL,Baterie 70Ah AGM/EFB,battery,Helsinki,Finland,Nordic,5.27633,1.45718,0.27617,0.0,0.0,1.30852,0.79766,1.0823,1.44711,1.62665,0.82439,1.08534,,155.28181,2,fast_moving_stable,SKU-locatie cu rulaj mare si cerere relativ stabila.
PEU-BATT-70AH,FR_PAR,Baterie 70Ah AGM/EFB,battery,Paris,France,West,4.22845,0.86333,0.20417,0.0,0.0,0.98147,1.03341,1.0714,1.3825,1.87536,0.93101,1.22709,,162.52668,2,fast_moving_stable,SKU-locatie cu rulaj mare si cerere relativ stabila.
PEU-BATT-70AH,IT_MIL,Baterie 70Ah AGM/EFB,battery,Milan,Italy,South,4.02189,0.79984,0.19887,0.0,0.0,0.98024,1.03798,1.06177,1.36566,1.85313,1.06511,1.22045,,163.97538,2,fast_moving_stable,SKU-locatie cu rulaj mare si cerere relativ stabila.
PEU-BATT-70AH,NL_AMS,Baterie 70Ah AGM/EFB,battery,Amsterdam,Netherlands,West,4.07387,0.8418,0.20663,0.0,0.0,0.97902,1.03473,1.07542,1.37536,1.88689,0.98126,1.19715,,163.61012,2,fast_moving_stable,SKU-locatie cu rulaj mare si cerere relativ stabila.
PEU-BATT-70AH,PL_WAW,Baterie 70Ah AGM/EFB,battery,Warsaw,Poland,Central,3.94391,0.90499,0.22947,0.0,0.0,1.01559,0.99969,1.09019,1.13527,1.75765,0.91922,1.23255,,164.51573,2,fast_moving_stable,SKU-locatie cu rulaj mare si cerere relativ stabila.
PEU-BATT-70AH,RO_BUC,Baterie 70Ah AGM/EFB,battery,Bucharest,Romania,East,3.7606,0.80788,0.21483,0.0,0.0,0.9907,1.00963,1.08198,1.0811,1.86453,1.06639,1.2609,,165.78796,2,fast_moving_stable,SKU-locatie cu rulaj mare si cerere relativ stabila.
PEU-BATT-70AH,SE_STO,Baterie 70Ah AGM/EFB,battery,Stockholm,Sweden,Nordic,4.90561,1.26755,0.25839,0.0,0.0,1.21257,0.85192,1.05951,1.3671,1.58589,0.84505,1.05828,,157.86594,2,fast_moving_stable,SKU-locatie cu rulaj mare si cerere relativ stabila.
PEU-BRAKE-FLUID-DOT4,CZ_PRG,Lichid frana DOT4 1L,brakes,Prague,Czechia,Central,4.83858,0.8145,0.16833,0.0,0.0,0.98344,1.00725,1.25486,0.95623,0.99888,0.91198,1.05184,,276.28454,0,salary_event_sensitive,Cerere amplificata in zilele de salariu si in ferestrele +/- 1 zi.
PEU-BRAKE-FLUID-DOT4,DE_BER,Lichid frana DOT4 1L,brakes,Berlin,Germany,Central,5.19425,0.8039,0.15477,0.0,0.0,0.99186,1.00498,1.24012,0.97502,0.96966,0.94902,1.042,,273.80164,0,salary_event_sensitive,Cerere amplificata in zilele de salariu si in ferestrele +/- 1 zi.
PEU-BRAKE-FLUID-DOT4,DK_CPH,Lichid frana DOT4 1L,brakes,Copenhagen,Denmark,North_Central,5.07798,0.8471,0.16682,0.0,0.0,0.96941,1.02166,1.2555,0.9816,1.00958,0.92245,1.05161,,274.61696,0,salary_event_sensitive,Cerere amplificata in zilele de salariu si in ferestrele +/- 1 zi.
PEU-BRAKE-FLUID-DOT4,EE_TLL,Lichid frana DOT4 1L,brakes,Tallinn,Estonia,Nordic,5.40082,0.85594,0.15848,0.0,0.0,0.96999,1.01872,1.24272,0.96947,0.97878,0.92346,1.05879,,272.37346,0,salary_event_sensitive,Cerere amplificata in zilele de salariu si in ferestrele +/- 1 zi.
PEU-BRAKE-FLUID-DOT4,ES_MAD,Lichid frana DOT4 1L,brakes,Madrid,Spain,South,5.0,0.81033,0.16207,0.0,0.0,0.9844,1.0086,1.24798,0.95225,0.98278,1.00238,1.04241,,275.16689,0,salary_event_sensitive,Cerere amplificata in zilele de salariu si in ferestrele +/- 1 zi.
PEU-BRAKE-FLUID-DOT4,FI_HEL,Lichid frana DOT4 1L,brakes,Helsinki,Finland,Nordic,5.76881,0.92682,0.16066,0.0,0.0,0.98384,1.01374,1.26113,0.97714,0.98303,0.94445,1.05171,,269.80438,0,salary_event_sensitive,Cerere amplificata in zilele de salariu si in ferestrele +/- 1 zi.
PEU-BRAKE-FLUID-DOT4,FR_PAR,Lichid frana DOT4 1L,brakes,Paris,France,West,5.43776,0.88607,0.16295,0.0,0.0,0.97249,1.01735,1.25382,0.97197,0.98016,0.94265,1.04627,,272.11902,0,salary_event_sensitive,Cerere amplificata in zilele de salariu si in ferestrele +/- 1 zi.
PEU-BRAKE-FLUID-DOT4,IT_MIL,Lichid frana DOT4 1L,brakes,Milan,Italy,South,5.15185,0.83866,0.16279,0.0,0.0,0.98001,1.01512,1.26098,0.972,1.00297,1.02145,1.04078,,274.1067,0,salary_event_sensitive,Cerere amplificata in zilele de salariu si in ferestrele +/- 1 zi.
PEU-BRAKE-FLUID-DOT4,NL_AMS,Lichid frana DOT4 1L,brakes,Amsterdam,Netherlands,West,5.26402,0.86428,0.16419,0.0,0.0,0.9735,1.01998,1.25971,0.94591,0.97382,0.89124,1.06777,,273.32285,0,salary_event_sensitive,Cerere amplificata in zilele de salariu si in ferestrele +/- 1 zi.
PEU-BRAKE-FLUID-DOT4,PL_WAW,Lichid frana DOT4 1L,brakes,Warsaw,Poland,Central,4.94528,0.83675,0.1692,0.0,0.0,0.97674,1.02179,1.26407,0.95556,0.93029,0.93523,1.0439,,275.55267,0,salary_event_sensitive,Cerere amplificata in zilele de salariu si in ferestrele +/- 1 zi.
PEU-BRAKE-FLUID-DOT4,RO_BUC,Lichid frana DOT4 1L,brakes,Bucharest,Romania,East,4.80301,0.80664,0.16794,0.0,0.0,0.99501,1.00186,1.24882,0.95741,0.97694,1.01959,1.05456,,276.52668,0,salary_event_sensitive,Cerere amplificata in zilele de salariu si in ferestrele +/- 1 zi.
PEU-BRAKE-FLUID-DOT4,SE_STO,Lichid frana DOT4 1L,brakes,Stockholm,Sweden,Nordic,5.49111,0.88047,0.16034,0.0,0.0,0.97705,1.01591,1.25036,0.96725,0.95375,0.93122,1.08398,,271.73735,0,salary_event_sensitive,Cerere amplificata in zilele de salariu si in ferestrele +/- 1 zi.
PEU-BRAKE-PADS-F,CZ_PRG,Placute frana fata,brakes,Prague,Czechia,Central,5.66895,0.94723,0.16709,0.0,0.0,0.97913,1.02445,1.26585,0.94607,0.99199,0.93617,1.0855,,279.50342,0,salary_event_sensitive,Cerere amplificata in zilele de salariu si in ferestrele +/- 1 zi.
PEU-BRAKE-PADS-F,DE_BER,Placute frana fata,brakes,Berlin,Germany,Central,6.08345,0.97008,0.15946,0.0,0.0,0.9732,1.02588,1.24637,0.95311,1.01415,0.9351,1.05084,,276.61286,0,salary_event_sensitive,Cerere amplificata in zilele de salariu si in ferestrele +/- 1 zi.
PEU-BRAKE-PADS-F,DK_CPH,Placute frana fata,brakes,Copenhagen,Denmark,North_Central,5.94665,0.90516,0.15221,0.0,0.0,0.98285,1.01047,1.24048,0.94554,0.96585,0.91888,1.05412,,277.56772,0,salary_event_sensitive,Cerere amplificata in zilele de salariu si in ferestrele +/- 1 zi.
PEU-BRAKE-PADS-F,EE_TLL,Placute frana fata,brakes,Tallinn,Estonia,Nordic,6.33105,0.99512,0.15718,0.0,0.0,0.97835,1.01709,1.25546,0.98076,0.98093,0.94603,1.08713,,274.88919,0,salary_event_sensitive,Cerere amplificata in zilele de salariu si in ferestrele +/- 1 zi.
PEU-BRAKE-PADS-F,ES_MAD,Placute frana fata,brakes,Madrid,Spain,South,5.82763,0.91819,0.15756,0.0,0.0,0.9897,1.00147,1.25184,0.96268,1.00101,0.99424,1.05871,,278.40492,0,salary_event_sensitive,Cerere amplificata in zilele de salariu si in ferestrele +/- 1 zi.
PEU-BRAKE-PADS-F,FI_HEL,Placute frana fata,brakes,Helsinki,Finland,Nordic,6.75103,1.03343,0.15308,0.0,0.0,0.98663,1.00568,1.25321,0.9798,0.99214,0.92346,1.07457,,271.9617,0,salary_event_sensitive,Cerere amplificata in zilele de salariu si in ferestrele +/- 1 zi.
PEU-BRAKE-PADS-F,FR_PAR,Placute frana fata,brakes,Paris,France,West,6.37893,1.00752,0.15794,0.0,0.0,0.98252,1.01039,1.25399,0.97353,0.99936,0.92934,1.0701,,274.56088,0,salary_event_sensitive,Cerere amplificata in zilele de salariu si in ferestrele +/- 1 zi.
PEU-BRAKE-PADS-F,IT_MIL,Placute frana fata,brakes,Milan,Italy,South,6.03557,0.93647,0.15516,0.0,0.0,0.98329,1.01351,1.25061,0.94822,0.98677,1.01481,1.03766,,276.95075,0,salary_event_sensitive,Cerere amplificata in zilele de salariu si in ferestrele +/- 1 zi.
PEU-BRAKE-PADS-F,NL_AMS,Placute frana fata,brakes,Amsterdam,Netherlands,West,6.19836,0.97031,0.15654,0.0,0.0,0.97824,1.0161,1.25285,0.97164,1.00317,0.93923,1.06881,,275.80438,0,salary_event_sensitive,Cerere amplificata in zilele de salariu si in ferestrele +/- 1 zi.
PEU-BRAKE-PADS-F,PL_WAW,Placute frana fata,brakes,Warsaw,Poland,Central,5.83037,0.92463,0.15859,0.0,0.0,0.98008,1.0145,1.25531,0.95448,0.95301,0.95188,1.05818,,278.37756,0,salary_event_sensitive,Cerere amplificata in zilele de salariu si in ferestrele +/- 1 zi.
PEU-BRAKE-PADS-F,RO_BUC,Placute frana fata,brakes,Bucharest,Romania,East,5.64022,0.90172,0.15987,0.0,0.0,0.97342,1.01474,1.25266,0.96093,0.98628,1.03254,1.05829,,279.70041,0,salary_event_sensitive,Cerere amplificata in zilele de salariu si in ferestrele +/- 1 zi.
PEU-BRAKE-PADS-F,SE_STO,Placute frana fata,brakes,Stockholm,Sweden,Nordic,6.49248,1.02813,0.15836,0.0,0.0,0.97584,1.01885,1.26172,0.96519,0.95421,0.9482,1.06664,,273.75923,0,salary_event_sensitive,Cerere amplificata in zilele de salariu si in ferestrele +/- 1 zi.
PEU-CABIN-CARBON,CZ_PRG,Filtru habitaclu cu carbon,filters,Prague,Czechia,Central,7.46375,3.11296,0.41708,0.0,0.0,0.62624,1.21658,1.06955,0.74039,0.85564,1.19195,1.1193,,324.92202,2,fast_moving_stable,SKU-locatie cu rulaj mare si cerere relativ stabila.
PEU-CABIN-CARBON,DE_BER,Filtru habitaclu cu carbon,filters,Berlin,Germany,Central,7.92202,3.31612,0.4186,0.0,0.0,0.62327,1.21673,1.06736,0.78576,0.85318,1.12001,1.12815,,321.72093,2,fast_moving_stable,SKU-locatie cu rulaj mare si cerere relativ stabila.
PEU-CABIN-CARBON,DK_CPH,Filtru habitaclu cu carbon,filters,Copenhagen,Denmark,North_Central,7.77428,3.25601,0.41882,0.0,0.0,0.62642,1.21421,1.06418,0.82165,0.89187,1.25724,1.1441,,322.74145,2,fast_moving_stable,SKU-locatie cu rulaj mare si cerere relativ stabila.
PEU-CABIN-CARBON,EE_TLL,Filtru habitaclu cu carbon,filters,Tallinn,Estonia,Nordic,8.27223,3.46821,0.41926,0.0,0.0,0.62502,1.21443,1.07122,0.74537,0.68396,1.24393,1.12914,,319.27633,2,fast_moving_stable,SKU-locatie cu rulaj mare si cerere relativ stabila.
PEU-CABIN-CARBON,ES_MAD,Filtru habitaclu cu carbon,filters,Madrid,Spain,South,8.38851,3.59922,0.42907,0.0,0.0,0.55088,1.462,1.09425,1.03323,0.92661,1.28132,1.12206,,318.45554,2,fast_moving_stable,SKU-locatie cu rulaj mare si cerere relativ stabila.
PEU-CABIN-CARBON,FI_HEL,Filtru habitaclu cu carbon,filters,Helsinki,Finland,Nordic,8.82627,3.68435,0.41743,0.0,0.0,0.63003,1.20459,1.07694,0.77669,0.70156,1.24686,1.12353,,315.40492,2,fast_moving_stable,SKU-locatie cu rulaj mare si cerere relativ stabila.
PEU-CABIN-CARBON,FR_PAR,Filtru habitaclu cu carbon,filters,Paris,France,West,8.4186,3.53832,0.4203,0.0,0.0,0.61581,1.23991,1.0598,1.03667,0.86729,1.2447,1.11461,,318.25171,2,fast_moving_stable,SKU-locatie cu rulaj mare si cerere relativ stabila.
PEU-CABIN-CARBON,IT_MIL,Filtru habitaclu cu carbon,filters,Milan,Italy,South,8.36389,3.42063,0.40898,0.0,0.0,0.56753,1.38799,1.08844,1.10899,0.98078,1.15395,1.17702,,318.62791,2,fast_moving_stable,SKU-locatie cu rulaj mare si cerere relativ stabila.
PEU-CABIN-CARBON,NL_AMS,Filtru habitaclu cu carbon,filters,Amsterdam,Netherlands,West,8.0643,3.37488,0.4185,0.0,0.0,0.63129,1.20133,1.07425,1.06604,0.84226,1.22852,1.11361,,320.73598,2,fast_moving_stable,SKU-locatie cu rulaj mare si cerere relativ stabila.
PEU-CABIN-CARBON,PL_WAW,Filtru habitaclu cu carbon,filters,Warsaw,Poland,Central,7.658,3.216,0.41995,0.0,0.0,0.61772,1.23029,1.07599,0.72896,0.78293,1.20141,1.12056,,323.57045,2,fast_moving_stable,SKU-locatie cu rulaj mare si cerere relativ stabila.
PEU-CABIN-CARBON,RO_BUC,Filtru habitaclu cu carbon,filters,Bucharest,Romania,East,7.65253,3.09135,0.40396,0.0,0.0,0.58599,1.33347,1.07903,0.75386,0.9765,1.10304,1.08995,,323.59644,2,fast_moving_stable,SKU-locatie cu rulaj mare si cerere relativ stabila.
PEU-CABIN-CARBON,SE_STO,Filtru habitaclu cu carbon,filters,Stockholm,Sweden,Nordic,8.48427,3.5454,0.41788,0.0,0.0,0.62704,1.21022,1.07668,0.74926,0.65671,1.22702,1.13386,,317.79207,2,fast_moving_stable,SKU-locatie cu rulaj mare si cerere relativ stabila.
PEU-COOLANT-PREMIX,CZ_PRG,Lichid racire premix 5L,coolant,Prague,Czechia,Central,5.88919,1.7142,0.29108,0.0,0.0,1.12281,0.96938,1.07527,1.14817,1.4202,1.31479,1.28011,,246.01915,2,fast_moving_stable,SKU-locatie cu rulaj mare si cerere relativ stabila.
PEU-COOLANT-PREMIX,DE_BER,Lichid racire premix 5L,coolant,Berlin,Germany,Central,6.25992,1.87671,0.2998,0.0,0.0,1.13932,0.95856,1.07642,1.12813,1.39571,1.33104,1.30324,,243.43639,2,fast_moving_stable,SKU-locatie cu rulaj mare si cerere relativ stabila.
PEU-COOLANT-PREMIX,DK_CPH,Lichid racire premix 5L,coolant,Copenhagen,Denmark,North_Central,6.15458,1.80573,0.2934,0.0,0.0,1.13632,0.95488,1.08758,1.20027,1.42795,1.37225,1.28727,,244.15458,2,fast_moving_stable,SKU-locatie cu rulaj mare si cerere relativ stabila.
PEU-COOLANT-PREMIX,EE_TLL,Lichid racire premix 5L,coolant,Tallinn,Estonia,Nordic,6.90014,2.1893,0.31728,0.0,0.0,1.24839,0.88196,1.08971,1.3634,1.30419,1.32431,1.23288,,239.02326,2,fast_moving_stable,SKU-locatie cu rulaj mare si cerere relativ stabila.
PEU-COOLANT-PREMIX,ES_MAD,Lichid racire premix 5L,coolant,Madrid,Spain,South,6.39261,1.82336,0.28523,0.0,0.0,1.02692,1.08723,1.08593,1.28875,1.42071,1.13721,1.27845,,242.49932,2,fast_moving_stable,SKU-locatie cu rulaj mare si cerere relativ stabila.
PEU-COOLANT-PREMIX,FI_HEL,Lichid racire premix 5L,coolant,Helsinki,Finland,Nordic,7.4186,2.32276,0.3131,0.0,0.0,1.24505,0.88338,1.08248,1.33316,1.32238,1.30472,1.24661,,235.38851,2,fast_moving_stable,SKU-locatie cu rulaj mare si cerere relativ stabila.
PEU-COOLANT-PREMIX,FR_PAR,Lichid racire premix 5L,coolant,Paris,France,West,6.60328,1.96165,0.29707,0.0,0.0,1.11788,0.9757,1.07184,1.38756,1.40674,1.2983,1.30072,,241.04104,2,fast_moving_stable,SKU-locatie cu rulaj mare si cerere relativ stabila.
PEU-COOLANT-PREMIX,IT_MIL,Lichid racire premix 5L,coolant,Milan,Italy,South,6.50889,1.95877,0.30094,0.0,0.0,1.0386,1.0672,1.07513,1.35355,1.46219,1.29577,1.30422,,241.68263,2,fast_moving_stable,SKU-locatie cu rulaj mare si cerere relativ stabila.
PEU-COOLANT-PREMIX,NL_AMS,Lichid racire premix 5L,coolant,Amsterdam,Netherlands,West,6.39672,1.87611,0.29329,0.0,0.0,1.1504,0.944,1.07777,1.38207,1.41141,1.3921,1.30317,,242.48153,2,fast_moving_stable,SKU-locatie cu rulaj mare si cerere relativ stabila.
PEU-COOLANT-PREMIX,PL_WAW,Lichid racire premix 5L,coolant,Warsaw,Poland,Central,6.0684,1.78556,0.29424,0.0,0.0,1.13693,0.96328,1.08685,1.15632,1.34006,1.31927,1.27545,,244.76607,2,fast_moving_stable,SKU-locatie cu rulaj mare si cerere relativ stabila.
PEU-COOLANT-PREMIX,RO_BUC,Lichid racire premix 5L,coolant,Bucharest,Romania,East,5.98632,1.78375,0.29797,0.0,0.0,1.05106,1.044,1.08381,1.09914,1.4434,1.30947,1.24874,,245.32285,2,fast_moving_stable,SKU-locatie cu rulaj mare si cerere relativ stabila.
PEU-COOLANT-PREMIX,SE_STO,Lichid racire premix 5L,coolant,Stockholm,Sweden,Nordic,7.01231,2.13591,0.30459,0.0,0.0,1.21942,0.89789,1.06843,1.31858,1.26094,1.33355,1.2427,,238.22572,2,fast_moving_stable,SKU-locatie cu rulaj mare si cerere relativ stabila.
PEU-HEADLIGHT-H7,CZ_PRG,Bec far H7,lighting,Prague,Czechia,Central,5.92339,1.44943,0.2447,0.0,0.0,1.33782,0.77252,1.10467,1.20304,1.06442,0.97041,1.17155,,315.77155,2,fast_moving_stable,SKU-locatie cu rulaj mare si cerere relativ stabila.
PEU-HEADLIGHT-H7,DE_BER,Bec far H7,lighting,Berlin,Germany,Central,6.28454,1.53251,0.24385,0.0,0.0,1.33958,0.77225,1.09772,1.16514,1.07677,0.94285,1.18972,,313.25992,2,fast_moving_stable,SKU-locatie cu rulaj mare si cerere relativ stabila.
PEU-HEADLIGHT-H7,DK_CPH,Bec far H7,lighting,Copenhagen,Denmark,North_Central,6.18468,1.47485,0.23847,0.0,0.0,1.32596,0.78034,1.07547,1.15951,1.04582,1.04181,1.17534,,313.95759,2,fast_moving_stable,SKU-locatie cu rulaj mare si cerere relativ stabila.
PEU-HEADLIGHT-H7,EE_TLL,Bec far H7,lighting,Tallinn,Estonia,Nordic,6.5554,1.60731,0.24519,0.0,0.0,1.33862,0.77167,1.09419,1.3111,1.25763,1.03072,1.18248,,311.37756,2,fast_moving_stable,SKU-locatie cu rulaj mare si cerere relativ stabila.
PEU-HEADLIGHT-H7,ES_MAD,Bec far H7,lighting,Madrid,Spain,South,6.06703,1.45977,0.24061,0.0,0.0,1.3335,0.77376,1.08337,1.03977,1.05257,0.79455,1.17746,,314.78112,2,fast_moving_stable,SKU-locatie cu rulaj mare si cerere relativ stabila.
PEU-HEADLIGHT-H7,FI_HEL,Bec far H7,lighting,Helsinki,Finland,Nordic,7.03967,1.71652,0.24384,0.0,0.0,1.32816,0.7757,1.08026,1.28507,1.26984,1.07391,1.17222,,308.00958,2,fast_moving_stable,SKU-locatie cu rulaj mare si cerere relativ stabila.
PEU-HEADLIGHT-H7,FR_PAR,Bec far H7,lighting,Paris,France,West,6.61286,1.60856,0.24325,0.0,0.0,1.34312,0.77024,1.09069,1.06962,1.06719,0.93629,1.18374,,310.97401,2,fast_moving_stable,SKU-locatie cu rulaj mare si cerere relativ stabila.
PEU-HEADLIGHT-H7,IT_MIL,Bec far H7,lighting,Milan,Italy,South,6.28317,1.55448,0.2474,0.0,0.0,1.33913,0.77332,1.10051,1.039,1.05635,0.83478,1.17282,,313.2736,2,fast_moving_stable,SKU-locatie cu rulaj mare si cerere relativ stabila.
PEU-HEADLIGHT-H7,NL_AMS,Bec far H7,lighting,Amsterdam,Netherlands,West,6.41587,1.57163,0.24496,0.0,0.0,1.33526,0.7698,1.09385,1.07491,1.10836,1.02701,1.18052,,312.35157,2,fast_moving_stable,SKU-locatie cu rulaj mare si cerere relativ stabila.
PEU-HEADLIGHT-H7,PL_WAW,Bec far H7,lighting,Warsaw,Poland,Central,6.06156,1.49336,0.24637,0.0,0.0,1.33694,0.77301,1.07961,1.22395,1.13191,0.93143,1.17415,,314.81669,2,fast_moving_stable,SKU-locatie cu rulaj mare si cerere relativ stabila.
PEU-HEADLIGHT-H7,RO_BUC,Bec far H7,lighting,Bucharest,Romania,East,5.84405,1.40559,0.24052,0.0,0.0,1.32511,0.7755,1.07597,1.1904,1.08925,0.86013,1.17009,,316.32558,2,fast_moving_stable,SKU-locatie cu rulaj mare si cerere relativ stabila.
PEU-HEADLIGHT-H7,SE_STO,Bec far H7,lighting,Stockholm,Sweden,Nordic,6.71956,1.63809,0.24378,0.0,0.0,1.33738,0.76953,1.09025,1.28562,1.23879,0.99827,1.17571,,310.23529,2,fast_moving_stable,SKU-locatie cu rulaj mare si cerere relativ stabila.
PEU-OIL-5W30-5L,CZ_PRG,Ulei motor 5W30 5L,maintenance,Prague,Czechia,Central,7.40356,1.33456,0.18026,0.0,0.0,0.98233,1.01391,1.35727,0.94253,0.9902,0.91603,1.01379,,418.42271,0,salary_event_sensitive,Cerere amplificata in zilele de salariu si in ferestrele +/- 1 zi.
PEU-OIL-5W30-5L,DE_BER,Ulei motor 5W30 5L,maintenance,Berlin,Germany,Central,7.91108,1.41287,0.17859,0.0,0.0,0.97949,1.01704,1.35574,0.9654,0.98984,0.91078,1.03872,,414.89603,0,salary_event_sensitive,Cerere amplificata in zilele de salariu si in ferestrele +/- 1 zi.
PEU-OIL-5W30-5L,DK_CPH,Ulei motor 5W30 5L,maintenance,Copenhagen,Denmark,North_Central,7.79343,1.40441,0.1802,0.0,0.0,0.98201,1.01487,1.3639,0.96064,0.97767,0.91241,1.03149,,415.70725,0,salary_event_sensitive,Cerere amplificata in zilele de salariu si in ferestrele +/- 1 zi.
PEU-OIL-5W30-5L,EE_TLL,Ulei motor 5W30 5L,maintenance,Tallinn,Estonia,Nordic,8.25855,1.47303,0.17836,0.0,0.0,0.97857,1.01596,1.3615,0.96555,0.97601,0.90014,1.02777,,412.46922,0,salary_event_sensitive,Cerere amplificata in zilele de salariu si in ferestrele +/- 1 zi.
PEU-OIL-5W30-5L,ES_MAD,Ulei motor 5W30 5L,maintenance,Madrid,Spain,South,7.62927,1.32664,0.17389,0.0,0.0,0.9829,1.01388,1.34306,0.95155,0.98813,1.00742,1.04458,,416.84952,0,salary_event_sensitive,Cerere amplificata in zilele de salariu si in ferestrele +/- 1 zi.
PEU-OIL-5W30-5L,FI_HEL,Ulei motor 5W30 5L,maintenance,Helsinki,Finland,Nordic,8.84405,1.53492,0.17355,0.0,0.0,0.97574,1.01908,1.34758,0.96911,0.98291,0.8968,1.03067,,408.39124,0,salary_event_sensitive,Cerere amplificata in zilele de salariu si in ferestrele +/- 1 zi.
PEU-OIL-5W30-5L,FR_PAR,Ulei motor 5W30 5L,maintenance,Paris,France,West,8.342,1.46575,0.17571,0.0,0.0,0.97979,1.01392,1.35239,0.9535,0.97313,0.90854,1.02006,,411.88235,0,salary_event_sensitive,Cerere amplificata in zilele de salariu si in ferestrele +/- 1 zi.
PEU-OIL-5W30-5L,IT_MIL,Ulei motor 5W30 5L,maintenance,Milan,Italy,South,7.96443,1.39722,0.17543,0.0,0.0,0.98192,1.01683,1.35474,0.96788,1.02086,1.01634,1.02468,,414.51436,0,salary_event_sensitive,Cerere amplificata in zilele de salariu si in ferestrele +/- 1 zi.
PEU-OIL-5W30-5L,NL_AMS,Ulei motor 5W30 5L,maintenance,Amsterdam,Netherlands,West,8.06156,1.42492,0.17676,0.0,0.0,0.98059,1.01747,1.35184,0.95113,0.96431,0.92283,1.04452,,413.84542,0,salary_event_sensitive,Cerere amplificata in zilele de salariu si in ferestrele +/- 1 zi.
PEU-OIL-5W30-5L,PL_WAW,Ulei motor 5W30 5L,maintenance,Warsaw,Poland,Central,7.62654,1.38145,0.18114,0.0,0.0,0.97941,1.012,1.35862,0.95724,0.9692,0.91362,1.02757,,416.87004,0,salary_event_sensitive,Cerere amplificata in zilele de salariu si in ferestrele +/- 1 zi.
PEU-OIL-5W30-5L,RO_BUC,Ulei motor 5W30 5L,maintenance,Bucharest,Romania,East,7.35431,1.32803,0.18058,0.0,0.0,0.98441,1.00822,1.35965,0.95853,0.99299,1.02243,1.0318,,418.77839,0,salary_event_sensitive,Cerere amplificata in zilele de salariu si in ferestrele +/- 1 zi.
PEU-OIL-5W30-5L,SE_STO,Ulei motor 5W30 5L,maintenance,Stockholm,Sweden,Nordic,8.47196,1.47676,0.17431,0.0,0.0,0.98319,1.01373,1.34626,0.96711,0.95834,0.92226,1.03792,,410.97538,0,salary_event_sensitive,Cerere amplificata in zilele de salariu si in ferestrele +/- 1 zi.
PEU-OIL-FILTER,CZ_PRG,Filtru ulei,maintenance,Prague,Czechia,Central,8.66895,1.5087,0.17404,0.0,0.0,0.98057,1.01452,1.34851,0.94278,0.96002,0.91254,1.0313,,489.60739,0,salary_event_sensitive,Cerere amplificata in zilele de salariu si in ferestrele +/- 1 zi.
PEU-OIL-FILTER,DE_BER,Filtru ulei,maintenance,Berlin,Germany,Central,9.2093,1.61769,0.17566,0.0,0.0,0.98731,1.01103,1.35782,0.96145,0.97652,0.88302,1.02193,,485.84268,0,salary_event_sensitive,Cerere amplificata in zilele de salariu si in ferestrele +/- 1 zi.
PEU-OIL-FILTER,DK_CPH,Filtru ulei,maintenance,Copenhagen,Denmark,North_Central,9.0684,1.57728,0.17393,0.0,0.0,0.98278,1.01369,1.34962,0.95676,0.99695,0.89848,1.03877,,486.82353,0,salary_event_sensitive,Cerere amplificata in zilele de salariu si in ferestrele +/- 1 zi.
PEU-OIL-FILTER,EE_TLL,Filtru ulei,maintenance,Tallinn,Estonia,Nordic,9.62927,1.70239,0.17679,0.0,0.0,0.97671,1.01355,1.35705,0.96741,0.97988,0.90143,1.03806,,482.91655,0,salary_event_sensitive,Cerere amplificata in zilele de salariu si in ferestrele +/- 1 zi.
PEU-OIL-FILTER,ES_MAD,Filtru ulei,maintenance,Madrid,Spain,South,8.90834,1.56695,0.1759,0.0,0.0,0.98248,1.0142,1.35415,0.95136,0.9768,1.01145,1.04961,,487.93844,0,salary_event_sensitive,Cerere amplificata in zilele de salariu si in ferestrele +/- 1 zi.
PEU-OIL-FILTER,FI_HEL,Filtru ulei,maintenance,Helsinki,Finland,Nordic,10.30917,1.81125,0.17569,0.0,0.0,0.98412,1.0137,1.35715,0.97587,0.98691,0.91491,1.02475,,478.19562,0,salary_event_sensitive,Cerere amplificata in zilele de salariu si in ferestrele +/- 1 zi.
PEU-OIL-FILTER,FR_PAR,Filtru ulei,maintenance,Paris,France,West,9.72503,1.70768,0.1756,0.0,0.0,0.97711,1.01688,1.354,0.96278,0.98937,0.91097,1.0245,,482.24897,0,salary_event_sensitive,Cerere amplificata in zilele de salariu si in ferestrele +/- 1 zi.
PEU-OIL-FILTER,IT_MIL,Filtru ulei,maintenance,Milan,Italy,South,9.23393,1.60752,0.17409,0.0,0.0,0.98228,1.0123,1.35261,0.93882,0.96452,1.01253,1.03341,,485.68673,0,salary_event_sensitive,Cerere amplificata in zilele de salariu si in ferestrele +/- 1 zi.
PEU-OIL-FILTER,NL_AMS,Filtru ulei,maintenance,Amsterdam,Netherlands,West,9.40629,1.63509,0.17383,0.0,0.0,0.98069,1.01641,1.35223,0.94931,0.97451,0.90526,1.03591,,484.46922,0,salary_event_sensitive,Cerere amplificata in zilele de salariu si in ferestrele +/- 1 zi.
PEU-OIL-FILTER,PL_WAW,Filtru ulei,maintenance,Warsaw,Poland,Central,8.93297,1.56383,0.17506,0.0,0.0,0.98224,1.01204,1.35171,0.95372,0.96843,0.91132,1.04357,,487.76881,0,salary_event_sensitive,Cerere amplificata in zilele de salariu si in ferestrele +/- 1 zi.
PEU-OIL-FILTER,RO_BUC,Filtru ulei,maintenance,Bucharest,Romania,East,8.59097,1.52081,0.17702,0.0,0.0,0.97348,1.01694,1.35597,0.95159,0.98124,1.0338,1.02578,,490.15048,0,salary_event_sensitive,Cerere amplificata in zilele de salariu si in ferestrele +/- 1 zi.
PEU-OIL-FILTER,SE_STO,Filtru ulei,maintenance,Stockholm,Sweden,Nordic,9.89603,1.7599,0.17784,0.0,0.0,0.97602,1.01717,1.35918,0.96325,0.95136,0.91532,1.01915,,481.06703,0,salary_event_sensitive,Cerere amplificata in zilele de salariu si in ferestrele +/- 1 zi.
PEU-RUBBER-MATS,CZ_PRG,Covorase cauciuc Peugeot,accessories,Prague,Czechia,Central,4.0,1.7356,0.4339,0.0,0.0,1.49608,0.69487,1.08303,1.04569,1.2936,1.06426,1.46094,,202.16689,2,fast_moving_stable,SKU-locatie cu rulaj mare si cerere relativ stabila.
PEU-RUBBER-MATS,DE_BER,Covorase cauciuc Peugeot,accessories,Berlin,Germany,Central,4.29001,1.8421,0.42939,0.0,0.0,1.48932,0.69804,1.10814,0.99892,1.27398,1.07315,1.41227,,200.16416,2,fast_moving_stable,SKU-locatie cu rulaj mare si cerere relativ stabila.
PEU-RUBBER-MATS,DK_CPH,Covorase cauciuc Peugeot,accessories,Copenhagen,Denmark,North_Central,4.20109,1.82753,0.43501,0.0,0.0,1.5112,0.68166,1.09,0.99132,1.30214,1.23005,1.42487,,200.76881,2,fast_moving_stable,SKU-locatie cu rulaj mare si cerere relativ stabila.
PEU-RUBBER-MATS,EE_TLL,Covorase cauciuc Peugeot,accessories,Tallinn,Estonia,Nordic,4.50889,1.94897,0.43225,0.0,0.0,1.49787,0.69166,1.09556,1.26789,1.066,1.26783,1.39945,,198.63475,2,fast_moving_stable,SKU-locatie cu rulaj mare si cerere relativ stabila.
PEU-RUBBER-MATS,ES_MAD,Covorase cauciuc Peugeot,accessories,Madrid,Spain,South,4.1067,1.75896,0.42832,0.0,0.0,1.4833,0.69568,1.08628,1.25992,1.26923,0.74867,1.43335,,201.43502,2,fast_moving_stable,SKU-locatie cu rulaj mare si cerere relativ stabila.
PEU-RUBBER-MATS,FI_HEL,Covorase cauciuc Peugeot,accessories,Helsinki,Finland,Nordic,4.79754,2.02178,0.42142,0.0,0.0,1.49107,0.7001,1.08539,1.27935,1.14722,1.27965,1.41782,,196.62654,2,fast_moving_stable,SKU-locatie cu rulaj mare si cerere relativ stabila.
PEU-RUBBER-MATS,FR_PAR,Covorase cauciuc Peugeot,accessories,Paris,France,West,4.48974,1.94967,0.43425,0.0,0.0,1.49674,0.70226,1.11406,1.32169,1.29302,1.04191,1.43056,,198.78386,2,fast_moving_stable,SKU-locatie cu rulaj mare si cerere relativ stabila.
PEU-RUBBER-MATS,IT_MIL,Covorase cauciuc Peugeot,accessories,Milan,Italy,South,4.31053,1.87302,0.43452,0.0,0.0,1.49339,0.69699,1.06879,1.27429,1.33902,0.81271,1.44354,,200.01642,2,fast_moving_stable,SKU-locatie cu rulaj mare si cerere relativ stabila.
PEU-RUBBER-MATS,NL_AMS,Covorase cauciuc Peugeot,accessories,Amsterdam,Netherlands,West,4.31601,1.87138,0.43359,0.0,0.0,1.51583,0.69122,1.09908,1.31809,1.32289,1.25582,1.45442,,199.97674,2,fast_moving_stable,SKU-locatie cu rulaj mare si cerere relativ stabila.
PEU-RUBBER-MATS,PL_WAW,Covorase cauciuc Peugeot,accessories,Warsaw,Poland,Central,4.14364,1.79371,0.43288,0.0,0.0,1.47847,0.69921,1.09741,1.04431,1.03033,1.05506,1.45298,,201.1751,2,fast_moving_stable,SKU-locatie cu rulaj mare si cerere relativ stabila.
PEU-RUBBER-MATS,RO_BUC,Covorase cauciuc Peugeot,accessories,Bucharest,Romania,East,3.96443,1.72654,0.43551,0.0,0.0,1.48334,0.71465,1.09816,1.00873,1.3297,0.83305,1.47517,,202.42271,2,fast_moving_stable,SKU-locatie cu rulaj mare si cerere relativ stabila.
PEU-RUBBER-MATS,SE_STO,Covorase cauciuc Peugeot,accessories,Stockholm,Sweden,Nordic,4.56498,1.95142,0.42748,0.0,0.0,1.49441,0.70069,1.08583,1.24752,1.02441,1.25159,1.42324,,198.23803,2,fast_moving_stable,SKU-locatie cu rulaj mare si cerere relativ stabila.
PEU-SPARK-PLUG,CZ_PRG,Bujie benzina,maintenance,Prague,Czechia,Central,5.34337,1.00805,0.18865,0.0,0.0,0.9865,1.00636,1.35933,0.94935,1.00612,0.90612,1.0261,,282.76744,0,salary_event_sensitive,Cerere amplificata in zilele de salariu si in ferestrele +/- 1 zi.
PEU-SPARK-PLUG,DE_BER,Bujie benzina,maintenance,Berlin,Germany,Central,5.66074,1.06419,0.188,0.0,0.0,0.97186,1.02121,1.35318,0.95894,0.97067,0.87828,1.05422,,280.57319,0,salary_event_sensitive,Cerere amplificata in zilele de salariu si in ferestrele +/- 1 zi.
PEU-SPARK-PLUG,DK_CPH,Bujie benzina,maintenance,Copenhagen,Denmark,North_Central,5.56361,1.05121,0.18894,0.0,0.0,0.96969,1.02706,1.36207,0.95757,0.99592,0.91179,1.03074,,281.24487,0,salary_event_sensitive,Cerere amplificata in zilele de salariu si in ferestrele +/- 1 zi.
PEU-SPARK-PLUG,EE_TLL,Bujie benzina,maintenance,Tallinn,Estonia,Nordic,5.94254,1.11548,0.18771,0.0,0.0,0.97798,1.01777,1.35638,0.96971,0.97376,0.90157,1.03254,,278.59918,0,salary_event_sensitive,Cerere amplificata in zilele de salariu si in ferestrele +/- 1 zi.
PEU-SPARK-PLUG,ES_MAD,Bujie benzina,maintenance,Madrid,Spain,South,5.4528,1.04162,0.19103,0.0,0.0,0.98019,1.01651,1.365,0.95044,0.98525,1.01304,1.03834,,282.02189,0,salary_event_sensitive,Cerere amplificata in zilele de salariu si in ferestrele +/- 1 zi.
PEU-SPARK-PLUG,FI_HEL,Bujie benzina,maintenance,Helsinki,Finland,Nordic,6.3461,1.15752,0.1824,0.0,0.0,0.99023,1.00761,1.35484,0.97121,0.98426,0.90319,1.03824,,275.7907,0,salary_event_sensitive,Cerere amplificata in zilele de salariu si in ferestrele +/- 1 zi.
PEU-SPARK-PLUG,FR_PAR,Bujie benzina,maintenance,Paris,France,West,5.97811,1.09197,0.18266,0.0,0.0,0.97709,1.01792,1.35354,0.96391,1.00379,0.89884,1.03047,,278.35841,0,salary_event_sensitive,Cerere amplificata in zilele de salariu si in ferestrele +/- 1 zi.
PEU-SPARK-PLUG,IT_MIL,Bujie benzina,maintenance,Milan,Italy,South,5.68536,1.06918,0.18806,0.0,0.0,0.98795,1.00151,1.35858,0.96656,0.98903,1.00631,1.04003,,280.41313,0,salary_event_sensitive,Cerere amplificata in zilele de salariu si in ferestrele +/- 1 zi.
PEU-SPARK-PLUG,NL_AMS,Bujie benzina,maintenance,Amsterdam,Netherlands,West,5.79343,1.07312,0.18523,0.0,0.0,0.97683,1.01896,1.36439,0.93546,0.96711,0.88855,1.02406,,279.64432,0,salary_event_sensitive,Cerere amplificata in zilele de salariu si in ferestrele +/- 1 zi.
PEU-SPARK-PLUG,PL_WAW,Bujie benzina,maintenance,Warsaw,Poland,Central,5.49111,1.02279,0.18626,0.0,0.0,0.99011,1.00916,1.3513,0.95697,0.95583,0.92066,1.0355,,281.74692,0,salary_event_sensitive,Cerere amplificata in zilele de salariu si in ferestrele +/- 1 zi.
PEU-SPARK-PLUG,RO_BUC,Bujie benzina,maintenance,Bucharest,Romania,East,5.25718,0.99358,0.189,0.0,0.0,0.98274,1.01727,1.35479,0.94992,0.9666,1.02599,1.05911,,283.3762,0,salary_event_sensitive,Cerere amplificata in zilele de salariu si in ferestrele +/- 1 zi.
PEU-SPARK-PLUG,SE_STO,Bujie benzina,maintenance,Stockholm,Sweden,Nordic,6.07114,1.14018,0.1878,0.0,0.0,0.97966,1.01267,1.36401,0.96168,0.95125,0.91715,1.03559,,277.70315,0,salary_event_sensitive,Cerere amplificata in zilele de salariu si in ferestrele +/- 1 zi.
PEU-SUMMER-TIRE-205,CZ_PRG,Anvelopa vara 205/55R16,tires,Prague,Czechia,Central,3.8933,3.3496,0.86035,0.0,0.0,0.43313,1.14569,1.08754,0.46473,0.66686,0.65478,1.09058,,204.80438,2,fast_moving_stable,SKU-locatie cu rulaj mare si cerere relativ stabila.
PEU-SUMMER-TIRE-205,DE_BER,Anvelopa vara 205/55R16,tires,Berlin,Germany,Central,4.14637,3.55595,0.8576,0.0,0.0,0.42198,1.18522,1.10205,0.51083,0.66589,0.58432,1.0521,,203.0342,2,fast_moving_stable,SKU-locatie cu rulaj mare si cerere relativ stabila.
PEU-SUMMER-TIRE-205,DK_CPH,Anvelopa vara 205/55R16,tires,Copenhagen,Denmark,North_Central,4.08482,3.48629,0.85348,0.0,0.0,0.42662,1.1766,1.07529,0.49741,0.68649,0.67423,1.08853,,203.46512,2,fast_moving_stable,SKU-locatie cu rulaj mare si cerere relativ stabila.
PEU-SUMMER-TIRE-205,EE_TLL,Anvelopa vara 205/55R16,tires,Tallinn,Estonia,Nordic,4.33379,3.73883,0.86272,0.0,0.0,0.42277,1.1734,1.08941,0.54507,0.46367,0.66562,1.096,,201.73598,2,fast_moving_stable,SKU-locatie cu rulaj mare si cerere relativ stabila.
PEU-SUMMER-TIRE-205,ES_MAD,Anvelopa vara 205/55R16,tires,Madrid,Spain,South,4.03967,3.4391,0.85133,0.0,0.0,0.42742,1.17207,1.08392,0.81415,0.69434,0.80781,1.07503,,203.77702,2,fast_moving_stable,SKU-locatie cu rulaj mare si cerere relativ stabila.
PEU-SUMMER-TIRE-205,FI_HEL,Anvelopa vara 205/55R16,tires,Helsinki,Finland,Nordic,4.63201,3.97186,0.85748,0.0,0.0,0.42834,1.15816,1.08789,0.5993,0.48884,0.67638,1.10174,,199.64159,2,fast_moving_stable,SKU-locatie cu rulaj mare si cerere relativ stabila.
PEU-SUMMER-TIRE-205,FR_PAR,Anvelopa vara 205/55R16,tires,Paris,France,West,4.37483,3.72394,0.85122,0.0,0.0,0.43128,1.1606,1.0897,0.69512,0.70745,0.72303,1.10339,,201.43365,2,fast_moving_stable,SKU-locatie cu rulaj mare si cerere relativ stabila.
PEU-SUMMER-TIRE-205,IT_MIL,Anvelopa vara 205/55R16,tires,Milan,Italy,South,4.15458,3.52779,0.84913,0.0,0.0,0.44064,1.13566,1.07864,0.86184,0.67469,0.6491,1.10124,,202.96717,2,fast_moving_stable,SKU-locatie cu rulaj mare si cerere relativ stabila.
PEU-SUMMER-TIRE-205,NL_AMS,Anvelopa vara 205/55R16,tires,Amsterdam,Netherlands,West,4.22161,3.5856,0.84934,0.0,0.0,0.43185,1.16302,1.07374,0.77309,0.64152,0.65376,1.08899,,202.49795,2,fast_moving_stable,SKU-locatie cu rulaj mare si cerere relativ stabila.
PEU-SUMMER-TIRE-205,PL_WAW,Anvelopa vara 205/55R16,tires,Warsaw,Poland,Central,4.01505,3.41775,0.85124,0.00137,0.0,0.43035,1.16136,1.07373,0.45449,0.56668,0.70396,1.122,,203.95212,5,slow_moving_intermittent,"Cerere rara, multe zile cu zero vanzari; recomandat safety stock conservator."
PEU-SUMMER-TIRE-205,RO_BUC,Anvelopa vara 205/55R16,tires,Bucharest,Romania,East,3.84405,3.29287,0.85661,0.0,0.0,0.42499,1.17085,1.09233,0.51306,0.64876,0.60035,1.09153,,205.1368,2,fast_moving_stable,SKU-locatie cu rulaj mare si cerere relativ stabila.
PEU-SUMMER-TIRE-205,SE_STO,Anvelopa vara 205/55R16,tires,Stockholm,Sweden,Nordic,4.46101,3.80144,0.85215,0.0,0.0,0.43207,1.1616,1.08547,0.55343,0.41081,0.6651,1.1167,,200.83584,2,fast_moving_stable,SKU-locatie cu rulaj mare si cerere relativ stabila.
PEU-WF-WINTER-5L,CZ_PRG,Lichid parbriz iarna -20C 5L,winter_fluids,Prague,Czechia,Central,14.70451,9.99659,0.67983,0.0,0.0,3.73042,0.29839,1.05501,2.22568,1.6496,0.71932,1.30133,,468.07661,1,promotion_travel_sensitive,Cerere crescuta la promotii si in ferestrele de calatorii/vacante.
PEU-WF-WINTER-5L,DE_BER,Lichid parbriz iarna -20C 5L,winter_fluids,Berlin,Germany,Central,15.43092,10.38264,0.67285,0.0,0.0,3.66768,0.30215,1.07513,2.01741,1.66954,0.76345,1.33291,,463.07387,1,promotion_travel_sensitive,Cerere crescuta la promotii si in ferestrele de calatorii/vacante.
PEU-WF-WINTER-5L,DK_CPH,Lichid parbriz iarna -20C 5L,winter_fluids,Copenhagen,Denmark,North_Central,14.89056,9.87468,0.66315,0.0,0.0,3.572,0.31098,1.07725,1.9085,1.7064,0.94738,1.36666,,466.75103,1,promotion_travel_sensitive,Cerere crescuta la promotii si in ferestrele de calatorii/vacante.
PEU-WF-WINTER-5L,EE_TLL,Lichid parbriz iarna -20C 5L,winter_fluids,Tallinn,Estonia,Nordic,22.94528,16.93513,0.73807,0.0,0.0,5.01436,0.22294,1.05383,3.2321,2.87792,0.86972,1.27279,,410.92476,1,promotion_travel_sensitive,Cerere crescuta la promotii si in ferestrele de calatorii/vacante.
PEU-WF-WINTER-5L,ES_MAD,Lichid parbriz iarna -20C 5L,winter_fluids,Madrid,Spain,South,10.01505,6.94328,0.69328,0.0,0.0,2.80819,0.39115,1.06248,1.18329,1.62172,0.41926,1.16359,,500.59097,1,promotion_travel_sensitive,Cerere crescuta la promotii si in ferestrele de calatorii/vacante.
PEU-WF-WINTER-5L,FI_HEL,Lichid parbriz iarna -20C 5L,winter_fluids,Helsinki,Finland,Nordic,24.98632,18.51046,0.74082,0.0,0.0,5.11961,0.21926,1.06694,3.26957,2.99852,0.86154,1.29967,,396.74966,1,promotion_travel_sensitive,Cerere crescuta la promotii si in ferestrele de calatorii/vacante.
PEU-WF-WINTER-5L,FR_PAR,Lichid parbriz iarna -20C 5L,winter_fluids,Paris,France,West,10.91792,7.54078,0.69068,0.0,0.0,2.81185,0.39034,1.06589,1.25077,1.59529,0.71204,1.14474,,494.32969,1,promotion_travel_sensitive,Cerere crescuta la promotii si in ferestrele de calatorii/vacante.
PEU-WF-WINTER-5L,IT_MIL,Lichid parbriz iarna -20C 5L,winter_fluids,Milan,Italy,South,10.37893,7.17249,0.69106,0.0,0.0,2.80884,0.39001,1.06089,1.20224,1.60496,0.4944,1.15896,,498.0643,1,promotion_travel_sensitive,Cerere crescuta la promotii si in ferestrele de calatorii/vacante.
PEU-WF-WINTER-5L,NL_AMS,Lichid parbriz iarna -20C 5L,winter_fluids,Amsterdam,Netherlands,West,10.55267,7.32448,0.69409,0.0,0.0,2.79747,0.39296,1.06848,1.24276,1.63031,0.92156,1.14116,,496.87551,1,promotion_travel_sensitive,Cerere crescuta la promotii si in ferestrele de calatorii/vacante.
PEU-WF-WINTER-5L,PL_WAW,Lichid parbriz iarna -20C 5L,winter_fluids,Warsaw,Poland,Central,15.48427,10.84996,0.70071,0.0,0.0,3.84821,0.28898,1.05095,2.40824,2.06406,0.68207,1.27678,,462.65116,1,promotion_travel_sensitive,Cerere crescuta la promotii si in ferestrele de calatorii/vacante.
PEU-WF-WINTER-5L,RO_BUC,Lichid parbriz iarna -20C 5L,winter_fluids,Bucharest,Romania,East,14.45417,9.77918,0.67656,0.0,0.0,3.69784,0.30088,1.0659,2.11447,1.70656,0.43907,1.3256,,469.82763,1,promotion_travel_sensitive,Cerere crescuta la promotii si in ferestrele de calatorii/vacante.
PEU-WF-WINTER-5L,SE_STO,Lichid parbriz iarna -20C 5L,winter_fluids,Stockholm,Sweden,Nordic,22.89193,16.6713,0.72826,0.0,0.0,4.82718,0.23144,1.03927,3.00751,2.73365,0.83267,1.24507,,411.35568,1,promotion_travel_sensitive,Cerere crescuta la promotii si in ferestrele de calatorii/vacante.
PEU-WINTER-TIRE-205,CZ_PRG,Anvelopa iarna 205/55R16,tires,Prague,Czechia,Central,5.19015,4.79748,0.92434,0.0,0.0,4.43411,0.25069,1.07692,1.42151,2.06026,1.01627,1.81657,,208.99863,4,winter_weather_sensitive,"Cerere sensibila la frig, zapada si scaderi bruste de temperatura."
PEU-WINTER-TIRE-205,DE_BER,Anvelopa iarna 205/55R16,tires,Berlin,Germany,Central,5.47332,5.04755,0.92221,0.0,0.0,4.32504,0.25675,1.08736,1.35648,2.09797,1.14129,1.85516,,207.02462,4,winter_weather_sensitive,"Cerere sensibila la frig, zapada si scaderi bruste de temperatura."
PEU-WINTER-TIRE-205,DK_CPH,Anvelopa iarna 205/55R16,tires,Copenhagen,Denmark,North_Central,5.28454,4.9261,0.93217,0.00137,0.0,4.34623,0.25538,1.08003,1.42408,2.0995,1.42574,1.87373,,208.32285,5,slow_moving_intermittent,"Cerere rara, multe zile cu zero vanzari; recomandat safety stock conservator."
PEU-WINTER-TIRE-205,EE_TLL,Anvelopa iarna 205/55R16,tires,Tallinn,Estonia,Nordic,6.75513,6.46755,0.95743,0.0,0.0,5.10846,0.21916,1.05419,2.30209,1.73595,1.34752,1.72788,,198.16826,4,winter_weather_sensitive,"Cerere sensibila la frig, zapada si scaderi bruste de temperatura."
PEU-WINTER-TIRE-205,ES_MAD,Anvelopa iarna 205/55R16,tires,Madrid,Spain,South,5.08208,4.80097,0.94469,0.0,0.0,4.10816,0.26967,1.06253,1.74684,2.13454,0.47752,1.91084,,209.68536,4,winter_weather_sensitive,"Cerere sensibila la frig, zapada si scaderi bruste de temperatura."
PEU-WINTER-TIRE-205,FI_HEL,Anvelopa iarna 205/55R16,tires,Helsinki,Finland,Nordic,7.31737,7.22251,0.98704,0.0,0.0,5.4322,0.20419,1.07432,2.35552,1.92472,1.3597,1.71862,,194.27223,4,winter_weather_sensitive,"Cerere sensibila la frig, zapada si scaderi bruste de temperatura."
PEU-WINTER-TIRE-205,FR_PAR,Anvelopa iarna 205/55R16,tires,Paris,France,West,5.53899,5.28887,0.95484,0.0,0.0,4.29769,0.25393,1.05759,1.92932,2.1633,0.98798,1.92524,,206.52531,4,winter_weather_sensitive,"Cerere sensibila la frig, zapada si scaderi bruste de temperatura."
PEU-WINTER-TIRE-205,IT_MIL,Anvelopa iarna 205/55R16,tires,Milan,Italy,South,5.25445,4.95654,0.9433,0.0,0.0,4.09798,0.26956,1.05776,1.77206,2.15649,0.43876,1.89671,,208.48427,4,winter_weather_sensitive,"Cerere sensibila la frig, zapada si scaderi bruste de temperatura."
PEU-WINTER-TIRE-205,NL_AMS,Anvelopa iarna 205/55R16,tires,Amsterdam,Netherlands,West,5.38851,5.06425,0.93982,0.0,0.0,4.11973,0.26841,1.07189,1.84137,2.17545,1.51774,1.90916,,207.56772,4,winter_weather_sensitive,"Cerere sensibila la frig, zapada si scaderi bruste de temperatura."
PEU-WINTER-TIRE-205,PL_WAW,Anvelopa iarna 205/55R16,tires,Warsaw,Poland,Central,5.43092,4.97645,0.91632,0.0,0.0,4.45826,0.24952,1.04805,1.44599,1.72129,0.97109,1.79137,,207.3119,4,winter_weather_sensitive,"Cerere sensibila la frig, zapada si scaderi bruste de temperatura."
PEU-WINTER-TIRE-205,RO_BUC,Anvelopa iarna 205/55R16,tires,Bucharest,Romania,East,5.12585,4.70998,0.91887,0.0,0.0,4.34161,0.25491,1.07118,1.34649,2.12536,0.45742,1.80234,,209.44323,4,winter_weather_sensitive,"Cerere sensibila la frig, zapada si scaderi bruste de temperatura."
PEU-WINTER-TIRE-205,SE_STO,Anvelopa iarna 205/55R16,tires,Stockholm,Sweden,Nordic,6.6922,6.38416,0.95397,0.0,0.0,5.2197,0.21251,1.05387,2.15465,1.62705,1.28845,1.65629,,198.63885,4,winter_weather_sensitive,"Cerere sensibila la frig, zapada si scaderi bruste de temperatura."
PEU-WIPER-650,CZ_PRG,Stergatoare fata 650mm,wipers,Prague,Czechia,Central,6.96717,1.85935,0.26687,0.0,0.0,1.31494,0.70894,1.09105,1.14369,1.07307,0.93571,1.22018,,296.53078,2,fast_moving_stable,SKU-locatie cu rulaj mare si cerere relativ stabila.
PEU-WIPER-650,DE_BER,Stergatoare fata 650mm,wipers,Berlin,Germany,Central,7.3762,1.90383,0.2581,0.0,0.0,1.29257,0.72383,1.10352,1.13308,1.09357,0.97581,1.25799,,293.69631,2,fast_moving_stable,SKU-locatie cu rulaj mare si cerere relativ stabila.
PEU-WIPER-650,DK_CPH,Stergatoare fata 650mm,wipers,Copenhagen,Denmark,North_Central,7.0985,1.82133,0.25658,0.0,0.0,1.25572,0.7392,1.09096,1.09355,1.138,1.06168,1.26864,,295.59918,2,fast_moving_stable,SKU-locatie cu rulaj mare si cerere relativ stabila.
PEU-WIPER-650,EE_TLL,Stergatoare fata 650mm,wipers,Tallinn,Estonia,Nordic,8.20246,2.61952,0.31936,0.0,0.0,1.42356,0.66363,1.08447,1.40196,1.1587,1.09558,1.37143,,287.92066,2,fast_moving_stable,SKU-locatie cu rulaj mare si cerere relativ stabila.
PEU-WIPER-650,ES_MAD,Stergatoare fata 650mm,wipers,Madrid,Spain,South,6.86047,1.85809,0.27084,0.0,0.0,1.23495,0.74923,1.08361,1.23616,1.14733,0.77976,1.33199,,297.23256,2,fast_moving_stable,SKU-locatie cu rulaj mare si cerere relativ stabila.
PEU-WIPER-650,FI_HEL,Stergatoare fata 650mm,wipers,Helsinki,Finland,Nordic,8.83037,2.87376,0.32544,0.0,0.0,1.44469,0.6492,1.08411,1.42699,1.22494,1.05901,1.35349,,283.55951,2,fast_moving_stable,SKU-locatie cu rulaj mare si cerere relativ stabila.
PEU-WIPER-650,FR_PAR,Stergatoare fata 650mm,wipers,Paris,France,West,7.49521,2.04823,0.27327,0.0,0.0,1.22905,0.75419,1.09945,1.23134,1.15085,0.9704,1.30928,,292.81395,2,fast_moving_stable,SKU-locatie cu rulaj mare si cerere relativ stabila.
PEU-WIPER-650,IT_MIL,Stergatoare fata 650mm,wipers,Milan,Italy,South,7.08618,1.88796,0.26643,0.0,0.0,1.20545,0.76275,1.08154,1.19499,1.12166,0.83634,1.30953,,295.6539,2,fast_moving_stable,SKU-locatie cu rulaj mare si cerere relativ stabila.
PEU-WIPER-650,NL_AMS,Stergatoare fata 650mm,wipers,Amsterdam,Netherlands,West,7.23256,1.94749,0.26927,0.0,0.0,1.22415,0.75714,1.08497,1.2257,1.15374,1.06817,1.30749,,294.63885,2,fast_moving_stable,SKU-locatie cu rulaj mare si cerere relativ stabila.
PEU-WIPER-650,PL_WAW,Stergatoare fata 650mm,wipers,Warsaw,Poland,Central,7.22161,1.90976,0.26445,0.0,0.0,1.32019,0.70811,1.08719,1.16526,0.99543,0.92661,1.2417,,294.75787,2,fast_moving_stable,SKU-locatie cu rulaj mare si cerere relativ stabila.
PEU-WIPER-650,RO_BUC,Stergatoare fata 650mm,wipers,Bucharest,Romania,East,6.8974,1.87623,0.27202,0.0,0.0,1.31489,0.70568,1.08024,1.16185,1.11339,0.8005,1.26887,,297.02052,2,fast_moving_stable,SKU-locatie cu rulaj mare si cerere relativ stabila.
PEU-WIPER-650,SE_STO,Stergatoare fata 650mm,wipers,Stockholm,Sweden,Nordic,8.35705,2.54422,0.30444,0.0,0.0,1.39465,0.6703,1.07215,1.36504,1.09999,1.02802,1.26884,,286.85226,2,fast_moving_stable,SKU-locatie cu rulaj mare si cerere relativ stabila.
